renderid,map,mapid,length,star,mods,map_acc,userid,player,join_date,play_time,global_rank,global_rank_percent,pp,player_acc,length_seconds
4125935,DJ TOTTO - Crystalia [Meal's Ultra] by Hysteria,691220,1:57,11.38,HDDT,97.44,7562902.0,mrekk,2015-12-13T03:35:49+00:00,11116485.0,1.0,3.320641840220013e-07,33357.5,0.984765,117.0
4125971,Raimukun - Icyxis ~True Ending~ [Blessed of Aggelos ~Fake Sanctity~] by knowledgeking,2078621,4:20,9.06,NM,99.63,7562902.0,mrekk,2015-12-13T03:35:49+00:00,11116485.0,1.0,3.320641840220013e-07,33357.5,0.984765,260.0
4125908,Arash - Temptation (feat. Rebecca) (Nightcore Mix) [Tylerderp's Extreme] by silver tail,2235601,2:54,12.17,HDDT,98.93,7562902.0,mrekk,2015-12-13T03:35:49+00:00,11116485.0,1.0,3.320641840220013e-07,33357.5,0.984765,174.0
4126944,WILLY WILLIAM - PULCINO PIO (WILLY WILLIAM REMIX) [This is. A Collab Map.] by Filippu,2229712,3:33,8.95,NM,98.96,7562902.0,mrekk,2015-12-13T03:35:49+00:00,11116485.0,1.0,3.320641840220013e-07,33357.5,0.984765,213.0
4125024,AZKi - Fake.Fake.Fake [Tranquility] by BarkingMadDog,1743421,3:40,10.04,NM,97.94,7562902.0,mrekk,2015-12-13T03:35:49+00:00,11116485.0,1.0,3.320641840220013e-07,33357.5,0.984765,220.0
4124985,"Erabareshi - Motto, Nee Motto (TV Size) [Fanservice] by h6zy",2507217,0:25,11.27,DT,97.5,14715160.0,cryshina,2019-06-24T05:06:51+00:00,8290369.0,2.0,6.641283680440025e-07,31951.7,0.976077,25.0
4126857,Porter Robinson - Get Your Wish (Sewerslvt Remix) [evth's extra] by Daycore,2156281,3:52,9.04,HDDT,98.66,9269034.0,Accolibed,2016-11-13T11:42:34+00:00,12223359.0,4.0,1.328256736088005e-06,30382.0,0.97439,232.0
4126737,Grant Kirkhope - Turbo Trainers [Extreme] by NaPiii_,2476009,0:44,9.47,HDDT,98.84,9269034.0,Accolibed,2016-11-13T11:42:34+00:00,12223359.0,4.0,1.328256736088005e-06,30382.0,0.97439,44.0
4124118,PassCode - SKILLAWAKE [Extreme] by Akitoshi,2296532,3:46,9.46,DT,98.25,4175698.0,sytho,2014-03-23T04:16:40+00:00,10883948.0,8.0,2.652870853935915e-06,26566.0,0.970063,226.0
4125399,Aitsuki Nakuru - Presenter* (Cut Ver.) [Merry Christmas!!] by Mita,2474192,1:18,11.1,HDHRDT,99.31,9970083.0,cloutiful,2017-03-29T11:19:48+00:00,5280096.0,16.0,5.31302694435202e-06,23869.4,0.982725,78.0
4124400,DM Ashura - deltaMAX [ignore's Another] by rustbell,18315,1:55,10.04,DT,92.46,20120615.0,Pipipupu997,2020-12-31T00:03:44+00:00,5211822.0,60.0,1.9896531404519364e-05,20435.3,0.979321,115.0
4124491,Sentire - Arcadia (Short Ver.) [Brutal] by App,2274395,1:54,7.74,NM,97.6,20120615.0,Pipipupu997,2020-12-31T00:03:44+00:00,5211696.0,60.0,1.9896531404519364e-05,20435.3,0.979321,114.0
4125138,BUTAOTOME - Trauma Recorder [Pain] by bad boy,2047602,3:32,7.42,NM,100.0,5339515.0,Mathi,2014-12-10T01:28:52+00:00,15892653.0,88.0,2.922164819393611e-05,19392.3,0.989316,212.0
4124925,sasakure.UK - the EmpErroR (Full Ver.) [384's eXXXceed] by Ryuusei Aika,2234307,3:38,7.33,NM,98.72,2165650.0,mcy4,2012-12-08T08:33:38+00:00,16318112.0,90.0,2.988577656198011e-05,19350.6,0.996013,218.0
4125293,Victorious Cast - Take a Hint feat. Victoria Justice & Elizabeth Gillies (Speed Up Ver.) [Apollo's Insane] by SquareTude,984684,0:53,6.64,HDDT,99.65,10681880.0,Kaffu-,2017-08-17T02:24:38+00:00,7044035.0,74.0,0.0002528678287196,19342.9,0.997121,53.0
4125314,Hanasaka Yui(CV: M.A.O) - Harumachi Clover [HatsuKoi] by [C u r i],567163,0:29,6.54,HDHRDT,98.04,10681880.0,Kaffu-,2017-08-17T02:24:38+00:00,7044035.0,74.0,0.0002528678287196,19342.9,0.997121,29.0
4126315,wuk - Sidetracked Day [Uri's Tyranny] by sytho,2191876,0:58,8.86,HR,100.0,5981005.0,gamer228666,2015-02-14T13:48:32+00:00,5511177.0,114.0,3.785531697850814e-05,18687.1,0.99386,58.0
4124971,"Uetsu Shi - Firmament Castle ""Velier"" [Grand Finale 2015] by Cherry Blossom",96366,2:03,7.73,HDHR,99.45,124493.0,chocomint,2009-06-17T12:03:54+00:00,5909891.0,124.0,4.117595881872816e-05,18496.6,0.993986,123.0
4123968,nerootter - dariacore to furry pipeline [mewing brainrot skibidi toilet looksmaxxing sussy baka] by Regou,2350668,2:15,8.54,HDDT,97.76,124493.0,chocomint,2009-06-17T12:03:54+00:00,5909891.0,124.0,4.111949823600669e-05,18496.6,0.993986,135.0
4124026,Tatsh - Xevel [Extreme] by emu1337,1254404,2:11,9.03,HDDT,96.44,6788821.0,Dempsey,2015-07-18T19:49:29+00:00,8976540.0,166.0,5.504707021917024e-05,17794.8,0.976744,131.0
4126919,MYTH & ROID - STYX HELIX [Celsius' Death] by VINXIS,461832,4:41,7.34,HDDT,97.98,12197743.0,kotkotyar,2018-05-02T09:57:07+00:00,8168005.0,173.0,5.744710383580621e-05,17625.5,0.973389,281.0
4125408,user-177606669 - girlycraycray [fsdfagadsfhigkadmfg fdi-dfhadfhdafjkmasdlkf] by wafer,2303746,1:00,6.84,HDDT,99.18,10162611.0,LAZER DIM 700,2017-05-06T15:22:15+00:00,5734479.0,190.0,6.309219496418024e-05,17512.2,0.989996,60.0
4126540,toby fox - Sentou! Battle Tower [Log Off Now's Extra] by Sotarks,2276943,1:12,9.88,DT,97.5,25927812.0,anmear,2021-09-16T15:06:57+00:00,4615225.0,209.0,6.940141446059826e-05,17353.6,0.971638,72.0
4125156,Susumu Hirasawa - Amor Buffer [Andrei MiX] by mule kick,2399380,1:26,10.6,NFHDHRDT,93.1,4209965.0,Bonk,2014-04-01T01:49:32+00:00,4509327.0,220.0,7.305412048484028e-05,17251.2,0.978704,86.0
4123740,Odyssey Eurobeat - Native Faith (Eurobeat Mix) [Initial Faith (wow great one val)] by Val,1006742,2:58,9.14,SV2NFHR,93.88,10092099.0,Pablohh,2017-04-22T15:47:36+00:00,10211384.0,226.0,7.49436016236896e-05,17203.9,0.994025,178.0
4125859,HARU NEMURI - Trust Nothing But Love [the world ends with you] by Silverboxer,1326694,4:18,7.32,NM,98.01,11585213.0,Dystire,2018-01-20T17:40:28+00:00,3357757.0,237.0,0.0002317014512136,17154.0,0.983041,258.0
4123754,Susumu Hirasawa - Seh Le Mao [Insane] by an3,2323459,2:49,6.89,HDDT,98.23,21811804.0,Akuma no Tenshi,2021-03-14T20:02:42+00:00,6509601.0,268.0,8.887117360685316e-05,16829.0,0.980697,169.0
4123970,Aline Barros - Eu Li Na Biblia (Sped Up & Cut Ver.) [Extra] by riot1133,2411374,1:16,9.27,NC,97.48,16616677.0,CyberOni,2020-04-05T06:44:16+00:00,7586490.0,275.0,9.119243560404709e-05,16804.6,0.987698,76.0
4123884,TRUE - Soundscape [Kowari's Expert] by SkyFlame,534054,4:40,8.43,DT,98.64,16616677.0,CyberOni,2020-04-05T06:44:16+00:00,7586490.0,275.0,9.119243560404709e-05,16804.6,0.987698,280.0
4124580,"Twilight Force - Valley of the Vale [Ascending from Fallen Elegance, the Reign of the Kingdom Roams Free Forevermore] by nebuwua",1913010,3:33,8.65,HR,98.72,16616677.0,CyberOni,2020-04-05T06:44:16+00:00,7586384.0,275.0,9.119243560404709e-05,16804.6,0.987698,213.0
4124303,Ascension - Megalomaniac [scary ooga booga] by DJLG97,1985764,2:14,9.59,NM,95.31,16616677.0,CyberOni,2020-04-05T06:44:16+00:00,7586490.0,275.0,9.119243560404709e-05,16804.6,0.987698,134.0
4124256,xi - FREEDOM DiVE [Arles] by Bloxi,2237410,4:16,9.4,NM,94.82,16616677.0,CyberOni,2020-04-05T06:44:16+00:00,7586490.0,275.0,9.119243560404709e-05,16804.6,0.987698,256.0
4124878,tn-shi - Synthesis. [Singularity()] by Pho,2214419,3:47,7.21,HD,97.65,7959945.0,calebshucks,2016-02-19T03:14:38+00:00,7007968.0,278.0,9.218726217427306e-05,16765.2,0.970448,227.0
4125036,LIQU@. - Yotogibanashi no Kamikakushi [Miryokuteki na Shijuu Kekkai] by Kyubey,236396,1:48,7.45,HD,99.6,7961288.0,Kluchen,2016-02-19T11:57:14+00:00,7083024.0,353.0,0.0001172186569597,16178.8,0.986349,108.0
4124848,Helblinde - Putin's Boner [:3c] by GodHacc,2301803,3:55,7.16,HDHR,99.4,6591496.0,SadnessWillSear,2015-06-10T13:00:40+00:00,14158006.0,369.0,0.0001223636681377,16059.2,0.996002,235.0
4125569,KOTOKO - Wing my Way (Game Ver.) [Mekadon's Extreme] by Log Off Now,2412924,2:10,9.69,HDDT,97.7,16338421.0,Relixto,2020-03-06T05:19:06+00:00,4908725.0,378.0,0.0001255202615603,15998.3,0.960382,130.0
4126026,BULANOVA - NE PLACH' [fate] by Sayuka,2214329,1:00,8.0,NM,98.63,10806437.0,FlipRopiik,2017-09-07T13:23:40+00:00,4059979.0,428.0,0.0001421234707614,15704.3,0.970938,60.0
4126787,Jeff Williams feat. Casey Lee Williams - Time to Say Goodbye (TV Size) [Tylerderp's Extra] by My Angel Ram,2285243,0:51,9.28,HDDT,98.7,31507014.0,kemsi,2022-10-04T17:08:04+00:00,4444563.0,446.0,0.0001481006260738,15622.2,0.97284,51.0
4124771,Zektbach - Turii ~Panta rhei~ [Insane] by Stupid Femboy,2259043,2:03,7.16,HDDT,93.06,11518376.0,HaSappy,2018-01-10T12:31:05+00:00,7189653.0,457.0,0.000151545247531,15574.1,0.981338,123.0
4126154,DragonForce - Razorblade Meltdown [Legend] by Swayzeee,1989962,4:33,8.34,HR,94.8,7351448.0,fedotoff,2015-11-01T17:17:50+00:00,9976649.0,461.0,0.0001530815888341,15555.3,0.977306,273.0
4126434,Fellowship - Glory Days [Relentless Heartache] by nebuwua,1781620,4:47,8.1,HR,99.17,7351448.0,fedotoff,2015-11-01T17:17:50+00:00,9975647.0,461.0,0.0001530815888341,15555.3,0.977306,287.0
4126868,senya - Tamashii no Katari ni Michibikarete [Satellite] by Satellite,2129313,3:52,8.39,DT,98.95,7351448.0,fedotoff,2015-11-01T17:17:50+00:00,9975647.0,461.0,0.0001530815888341,15555.3,0.977306,232.0
4125188,Kojima Megumi - FRUITS CANDY [Cake Baking Party] by Dayno,2007385,3:36,6.68,HDDT,97.08,11141578.0,Emilbus,2017-11-11T02:12:48+00:00,12783868.0,480.0,0.0001593908083305,15463.4,0.990342,216.0
4127051,Altermis & takehirotei & Violet Delta - Christmas Slop [PikA's Extra] by Sotarks,2472271,1:09,8.82,HDHRDT,93.9,15423958.0,veirakk,2019-10-26T13:42:40+00:00,6514138.0,497.0,0.0001650358994589,15411.0,0.970238,69.0
4127043,Aitsuki Nakuru - Presenter* (Cut Ver.) [Parad0xa's Extra] by Mita,2474192,1:18,9.35,HDDT,92.24,12652779.0,Jad,2018-07-14T08:43:32+00:00,6587227.0,575.0,0.0001909369058126,15087.5,0.978705,78.0
4124832,Susumu Hirasawa - Amor Buffer [Amor Extra] by mule kick,2399380,1:26,9.0,DT,95.06,4830687.0,BoshyMan741,2014-08-23T03:59:52+00:00,15489994.0,591.0,0.0001959808343345,15014.6,0.989495,86.0
4124007,"Erabareshi - Motto, Nee Motto (TV Size) [Karcher's Pleasure] by h6zy",2507217,0:25,7.21,HDHR,98.71,6292501.0,Possu,2015-04-08T18:58:45+00:00,8551884.0,615.0,0.0002039394468963,14945.8,0.98709,25.0
4124296,Hazuki - Uso to Shinjitsu [Hallucination] by Akitoshi,1079281,4:06,8.32,HDDT,90.95,13673669.0,fuy,2018-12-30T11:54:46+00:00,10053659.0,678.0,0.000224830804871,14760.0,0.972909,246.0
4123871,Pirendora - Pyroclastic Flow [Indestructible] by TNTlealu,2414026,4:00,7.39,NF,97.28,25626082.0,Satsukiiii,2021-08-31T09:50:43+00:00,5151866.0,685.0,0.0002271520668682,14722.2,0.982889,240.0
4123952,ATARASHII GAKKO! - OTONABLUE [L4plus1 vs Teacchyyy's ALL NM3 Tournament 1v1 Grand Finals] by Teacchyyy,2014248,2:52,6.82,NM,94.06,23162589.0,DP285,2021-05-04T13:47:31+00:00,7727588.0,704.0,0.0002334526351463,14658.9,0.993513,172.0
4124230,BABYMETAL - from me to u (feat. Poppy) (Cut Ver.) [Radiant Fury] by Sotarks,2387896,1:11,6.89,HDHR,100.0,23162589.0,DP285,2021-05-04T13:47:31+00:00,7727588.0,704.0,0.0002334526351463,14658.9,0.993513,71.0
4124327,wuk - Sidetracked Day [Fatfan's Squarestream Extreme] by sytho,2191876,0:59,7.81,HDHR,99.87,23162589.0,DP285,2021-05-04T13:47:31+00:00,7727588.0,704.0,0.0002334526351463,14658.9,0.993513,59.0
4124274,Reol - No title [jieusieu's Lemur] by VINXIS,320118,1:10,7.17,HDHR,99.11,23162589.0,DP285,2021-05-04T13:47:31+00:00,7727588.0,704.0,0.0002334526351463,14658.9,0.993513,70.0
4124312,nao - Toaru Shoukoku no Ohimesama ga... [Princess] by Lami,400859,1:18,7.29,HDHR,99.77,23162589.0,DP285,2021-05-04T13:47:31+00:00,7727588.0,704.0,0.0002334526351463,14658.9,0.993513,78.0
4124259,Helblinde - Putin's Boner [:3c] by GodHacc,2301803,3:55,7.16,HDHR,99.1,23162589.0,DP285,2021-05-04T13:47:31+00:00,7727588.0,704.0,0.0002334526351463,14658.9,0.993513,235.0
4126594,goreshit - xenobeat [DeathleSS] by fergas,1306568,2:29,7.3,NM,99.95,22396092.0,Jerma985,2021-04-03T17:26:44+00:00,10145088.0,712.0,0.0002364296990236,14631.8,0.990918,149.0
4126908,Starcatcher - Kefka2006.Dekishi2.7 (Sped Up Ver.) [extra] by riot1133,2145644,1:02,8.42,HDDT,99.28,22396092.0,Jerma985,2021-04-03T17:26:44+00:00,10145088.0,712.0,0.0002364296990236,14631.8,0.990918,62.0
4126416,Shounen Radio - neu [Platinum] by Philippines,58422,2:20,6.72,HDHR,98.51,22396092.0,Jerma985,2021-04-03T17:26:44+00:00,10145088.0,712.0,0.0002364296990236,14631.8,0.990918,140.0
4125921,Komiya Mao - (can you) understand me? [uhh?] by Sotarks,456986,1:26,7.09,HDDT,95.85,9024016.0,evill,2016-09-20T18:28:10+00:00,11573370.0,748.0,0.0002483840096484,14513.6,0.993781,86.0
4126251,100 gecs - hand crushed by a mallet [g3X_x_Xtr^@] by schoolboy,1253992,2:05,7.5,HDDT,97.29,13330123.0,mizto,2018-10-28T11:41:57+00:00,6177593.0,820.0,0.000272292630898,14355.9,0.979814,125.0
4123943,Cuco - Melting [Piggy] by elkakotas,740853,2:33,8.88,HDDT,94.92,12871335.0,Rubydear,2018-08-12T22:26:54+00:00,4088082.0,858.0,0.0008377131018133,14331.1,0.974622,153.0
4124721,Aziya - bbydoll (nightcore & cut ver.) [pick me] by riot1133,2374386,0:57,8.85,HDDT,94.68,12133744.0,Warpscon,2018-04-21T21:28:34+00:00,10008607.0,837.0,0.000277556613093,14314.6,0.979281,57.0
4124512,TatshMusicCircle - Raikou -3rd Desire- [Extra] by Kite,143316,2:52,8.45,DT,92.02,12133744.0,Warpscon,2018-04-21T21:28:34+00:00,10008607.0,837.0,0.000277556613093,14314.6,0.979281,172.0
4125027,Chroma - Don't Fight The Music [Anxient's EXTRA] by TritoBandito,1921355,2:35,6.12,HD,99.59,30160132.0,Comatose,2022-06-01T12:22:54+00:00,5800843.0,864.0,0.000286903454995,14249.4,0.980265,155.0
4125031,"Harano Oni - """" [Belief] by HowRengar",2079229,4:30,5.6,HD,98.94,30160132.0,Comatose,2022-06-01T12:22:54+00:00,5800843.0,864.0,0.000286903454995,14249.4,0.980265,270.0
4127036,cygnus - Anvilia [Insane] by LMT,2056846,2:46,7.49,DT,97.74,10126088.0,zaguh,2017-04-29T12:30:34+00:00,9839736.0,869.0,0.0002885637759151,14222.6,0.965644,166.0
4125166,MANY THANKS! feat. Setsunan - Banka [Extra] by ktgster,1939593,1:59,8.53,DT,92.24,30947671.0,ecca,2022-08-06T18:01:28+00:00,4088374.0,899.0,0.0002985257014357,14171.7,0.977182,119.0
4123901,dj-Nate - Electrodynamics [Extra] by CookieBite,550998,1:22,7.82,HRDT,97.86,11655886.0,Basensorex,2018-01-31T17:21:07+00:00,5054195.0,903.0,0.000299442797638,14163.9,0.988014,82.0
4126161,HO-KAGO TEA TIME - Kira Kira Days (Cut Ver.) [Shiawase!] by Sotarks,1384619,1:30,5.96,HD,96.0,26261249.0,Magnes99,2021-10-02T10:34:04+00:00,2171350.0,943.0,0.0009219175885842,14151.3,0.974049,90.0
4126649,youman feat. GUMI - Worst Regret (Sped Up Ver.) [My Ending] by Evil-,2355328,3:11,8.0,HD,97.82,10981997.0,Nekoyase,2017-10-10T13:47:06+00:00,6490857.0,1010.0,0.0003353848258622,13977.1,0.993796,191.0
4124360,Will Stetson - Of Our Time (osu! Edit) [PikA's Extreme] by Sotarks,2422687,2:13,9.16,HDDT,97.66,20089142.0,autoplay,2020-12-29T05:23:02+00:00,5722143.0,1127.0,0.0003737231815482,13722.7,0.98032,133.0
4124369,Farhan feat. GUMI - Dandelion [browiec's Flower] by Stixy,1180255,1:57,7.87,HDDT,97.15,20089142.0,Kemae,2020-12-29T05:23:02+00:00,5722143.0,1127.0,0.0003737231815482,13722.7,0.98032,117.0
4125191,Mutsuhiko Izumi - Tengoku to Jigoku [Ultra] by AJT,2476325,1:40,7.7,HD,91.05,12675397.0,Domino on osu,2018-07-17T12:42:05+00:00,3939382.0,1130.0,0.0003752325279448,13716.7,0.95775,100.0
4125933,Victorius - Age of Tyranny [Revolt] by Urition,2219231,3:31,7.98,NM,98.3,17099895.0,humane_007,2020-05-18T22:59:33+00:00,4843106.0,1148.0,0.0003812096832572,13670.3,0.992911,211.0
4126796,The Cro-Magnons - Totsugeki Rock [Reform's Expert] by Sotarks,966062,1:29,7.98,DT,98.69,13571846.0,Yukina Minato,2018-12-13T08:54:26+00:00,5084127.0,1181.0,0.0003921678013299,13607.3,0.918978,89.0
4125502,Camellia - Xeroa [EXCEED] by ScubDomino,1540170,1:58,14.03,HR,95.15,10557561.0,kselon,2017-07-25T07:12:24+00:00,3240362.0,1183.0,0.000392831929698,13606.7,0.960385,118.0
4125888,lumious2 - clarity rmx (hayakou bootleg) (cut ver.) [tylerderp's extra] by Parad0xa,2414052,0:41,9.84,HDDT,91.03,10557561.0,kselon,2017-07-25T07:12:24+00:00,3240362.0,1183.0,0.000392831929698,13606.7,0.960385,41.0
4127143,BULANOVA - NE PLACH' [tacoyaki's expert] by Sayuka,2214329,1:00,9.6,HDDT,90.86,24868424.0,WhiteDoable,2021-07-22T15:21:07+00:00,3367880.0,1191.0,0.0003954884431702,13594.4,0.95529,60.0
4127103,Franz Liszt - La Campanella (8 Bit Remix) [9.3] by Mapper,597320,4:25,7.1,NM,95.4,25211165.0,Ralmbry,2021-08-07T22:48:43+00:00,4931819.0,1197.0,0.0003974808282743,13589.9,0.978267,265.0
4124034,455-38B - G e n g a o z o - f o o n [Extreme] by ktgster,869649,2:58,8.0,HR,98.6,16750823.0,spray-,2020-04-16T16:51:32+00:00,7988913.0,1214.0,0.0004025731520847,13562.7,0.991098,178.0
4124049,455-38B - G e n g a o z o - f o o n [Extreme] by ktgster,869649,2:58,8.0,HR,98.71,16750823.0,spray-,2020-04-16T16:51:32+00:00,7988913.0,1214.0,0.0004025731520847,13562.7,0.991098,178.0
4123895,Kanpyohgo - Unmei no Dark Side -Rolling Gothic mix [FreeSongs' Rolling Hell] by My Angel Azusa,514980,3:41,8.42,HR,97.62,16750823.0,spray-,2020-04-16T16:51:32+00:00,7988913.0,1214.0,0.0004025731520847,13562.7,0.991098,221.0
4123915,Dylan Wyatt Gordon Beats - Squidward Yell [SQUOG IS BEATING SPONGEGAR WITH A STICK WTFFF!!?!?!?!?] by Mekadon,2438840,0:54,8.05,HR,97.07,16750823.0,spray-,2020-04-16T16:51:32+00:00,7988913.0,1214.0,0.0004025731520847,13562.7,0.991098,54.0
4123882,Kanpyohgo - Unmei no Dark Side -Rolling Gothic mix [FreeSongs' Rolling Hell] by My Angel Azusa,514980,3:41,8.42,HR,97.61,16750823.0,spray-,2020-04-16T16:51:32+00:00,7988913.0,1214.0,0.0004025731520847,13562.7,0.991098,221.0
4123780,POLKADOT STINGRAY - Keshin [Zero Gravity] by Delis,1320994,3:15,7.19,HR,98.26,16750823.0,spray-,2020-04-16T16:51:32+00:00,7988913.0,1214.0,0.0004025731520847,13562.7,0.991098,195.0
4124098,Cranky - Rave 2 Rave [luscent] by Luscent,1171058,2:56,7.82,HR,98.53,16750823.0,spray-,2020-04-16T16:51:32+00:00,7988913.0,1214.0,0.0004025731520847,13562.7,0.991098,176.0
4123857,yak_won - Wind Tales [ktgster's Extreme] by dakiwii,2080120,2:26,7.64,HR,96.53,16750823.0,spray-,2020-04-16T16:51:32+00:00,7988913.0,1214.0,0.0004025731520847,13562.7,0.991098,146.0
4123730,Jane Remover - Dancing with your eyes closed [PROMISE I LIKE IT LIKE THAT] by sytho,2443421,3:35,7.36,HR,98.05,16750823.0,spray-,2020-04-16T16:51:32+00:00,7988913.0,1214.0,0.0004025731520847,13562.7,0.991098,215.0
4124201,Kijibato - w/WWW feat. Hoshimiya Toto [Endless] by -Tynamo,1329408,3:34,8.11,HR,97.88,16750823.0,spray-,2020-04-16T16:51:32+00:00,7988913.0,1214.0,0.0004025731520847,13562.7,0.991098,214.0
4127345,DECO*27 - Monitoring (Best Friend Remix) feat. Hatsune Miku [Extra] by SUISEI69,2431772,2:56,6.75,SV2NFHDDT,95.29,17022896.0,-NyX,2020-05-11T18:09:18+00:00,4785724.0,1222.0,0.0004057824328748,13552.5,0.981987,176.0
4124885,Mili - Peach Pit and Cyanide [Sweet Cyanide] by vetoed,2468654,3:03,6.38,NM,97.27,10852203.0,yencis,2017-09-15T23:53:36+00:00,8626824.0,1262.0,0.0004184903772083,13499.8,0.987494,183.0
4125354,yu_tokiwa.djw - murmur twins [Extreme] by Plasma,1767768,1:53,7.25,SV2HD,97.17,7329095.0,Surite,2015-10-28T18:45:13+00:00,12666118.0,1274.0,0.000423049770444,13471.4,0.992304,113.0
4124244,"IOSYS - Mayoi Michi, Semaru Yami wo Mitoosu Nouryoku wo [Insane] by saymun",15772,3:02,7.16,HDNC,99.06,7329095.0,Surite,2015-10-28T18:45:13+00:00,12666118.0,1274.0,0.0004224696834892,13471.4,0.992304,182.0
4124867,Aline Barros - Eu Li Na Biblia (Sped Up & Cut Ver.) [Extra] by riot1133,2411374,1:16,9.27,DT,96.0,21818184.0,-sypr,2021-03-15T02:35:10+00:00,3497649.0,1288.0,0.0004271122074836,13450.6,0.966371,76.0
4127331,Yousei Teikoku - Senketsu no Chikai [Insanity] by Saten,27104,4:09,9.17,DT,96.44,11317547.0,Luccachu,2017-12-10T19:15:48+00:00,9621689.0,1295.0,0.0004300231183084,13444.2,0.985236,249.0
4125598,"Seth Everman - how to create billie eilish's ""bad guy"" [bruh] by Rolniczy",955816,0:47,6.28,HDDT,100.0,2757689.0,Toy,2013-06-05T20:29:53+00:00,15441120.0,1327.0,0.0004406491721971,13389.9,0.994556,47.0
4125129,Nunununununununununununununununu - Mimukauwa Nice Try [Coeminals' Draw 2] by Kojio,2292379,3:21,5.06,HDHRSDNC,99.85,12362243.0,chapter,2018-05-29T21:48:24+00:00,10910993.0,1335.0,0.0004433056856693,13379.2,0.99182,201.0
4124731,SHK - Identity Part 4 [NeMiX] by Nemis,2497402,1:52,5.91,HD,96.28,12882466.0,Artsy,2018-08-14T03:46:17+00:00,6914027.0,1352.0,0.0004483351743151,13358.8,0.984929,112.0
4125793,Altermis & takehirotei & Violet Delta - Christmas Slop [Nymphe's Ultra+] by Sotarks,2472271,1:02,7.39,HD,99.76,16348690.0,Adomeium,2020-03-07T12:24:08+00:00,4654747.0,1381.0,0.0004585806381343,13319.6,0.990871,62.0
4127280,Krewella - Say Goodbye (Nightcore & Cut Ver.) [browiec's Expert] by A r M i N,1049899,1:09,7.38,HDDT,99.71,15844515.0,T1 FAKER,2019-12-26T06:49:35+00:00,4392782.0,1392.0,0.0004622333441586,13302.9,0.981822,69.0
4125403,Aitsuki Nakuru - Presenter* (Cut Ver.) [Merry Christmas!!] by Mita,2474192,1:18,10.44,HDDT,95.07,11999777.0,rustbellfan,2018-03-30T11:15:02+00:00,4109265.0,1429.0,0.0004745197189674,13253.6,0.957747,78.0
4125384,Ensiferum - March of War / Axe of Judgement MINI GAMMA [mini 270] by Seamob,1222748,0:27,7.22,NM,95.57,11999777.0,rustbellfan,2018-03-30T11:15:02+00:00,4109265.0,1429.0,0.0004745197189674,13253.6,0.957747,27.0
4125380,Slim Mill - ADHD [Orkay's ok this is the feeling of regret] by Shriden,1304812,0:29,7.06,NM,100.0,11999777.0,rustbellfan,2018-03-30T11:15:02+00:00,4109265.0,1429.0,0.0004745197189674,13253.6,0.957747,29.0
4124014,love solfege - Vanity Clock [Extra] by Parachute,609057,4:10,7.17,NM,97.59,6266914.0,Abran,2015-04-03T22:32:44+00:00,8902596.0,1498.0,0.0004967500673995,13176.1,0.993351,250.0
4126027,Will Stetson - Of Our Time (osu! Edit) [Nymphe's Extra] by Sotarks,2422687,2:13,8.4,HDDT,99.56,31406901.0,3uma,2022-09-24T09:16:56+00:00,4891484.0,1570.0,0.0005213407689145,13074.3,0.984417,133.0
4126385,Tim Follin - Title Screen [The Game of Video Quick Draw] by Mekadon,2302766,1:32,8.05,HD,100.0,31406901.0,3uma,2022-09-24T09:16:56+00:00,4891484.0,1570.0,0.0005213407689145,13074.3,0.984417,92.0
4124598,SymaG - Fuckin' Friday [REAL] by melon boy,2088552,4:06,7.48,NM,98.61,13857674.0,tenzin,2019-01-31T00:34:29+00:00,3346282.0,1591.0,0.0005275896910765,13051.4,0.981827,246.0
4124191,Takigawa Alisa - Season [Insane] by Agatsu,1029865,4:20,6.95,HDDT,99.53,16867827.0,Noty,2020-04-27T08:38:06+00:00,7807199.0,1599.0,0.0005302425619304,13045.6,0.978561,260.0
4124461,"LiSA - Thrill, Risk, Heartless [Lethality] by SkyFlame",1312103,4:12,7.36,NM,97.39,16867827.0,Noty,2020-04-27T08:38:06+00:00,7807199.0,1599.0,0.0005302425619304,13045.6,0.978561,252.0
4124714,Takigawa Alisa - Season [Insane] by Agatsu,1029865,4:20,6.95,HDDT,99.34,16867827.0,Noty,2020-04-27T08:38:06+00:00,7807199.0,1599.0,0.0005302425619304,13045.6,0.978561,260.0
4124834,happy30 - As the wind blows [Zephyr] by AJT,1881739,3:31,7.06,HR,98.26,16867827.0,Noty,2020-04-27T08:38:06+00:00,7807199.0,1599.0,0.0005302425619304,13045.6,0.978561,211.0
4124819,Hei Shou De Yu Tou - o i i a i o o o o o i a i [ciyus miapah's ultimate psycats power] by Bloxi,2281018,0:59,7.43,HR,93.78,16867827.0,Noty,2020-04-27T08:38:06+00:00,7807199.0,1599.0,0.0005302425619304,13045.6,0.978561,59.0
4124541,SARI - Aino yurikago [Fleeting Leap] by Jugghouse,2345817,0:55,8.06,NF,92.16,9272314.0,sariaa,2016-11-14T02:10:39+00:00,904559.0,585.0,0.0015851553587734,13032.7,0.960838,55.0
4124666,KOTOKO - Wing my Way (Game Ver.) [Tylerderp's Extra] by Log Off Now,2412924,2:10,5.9,HD,99.86,3730848.0,mx10000,2013-12-13T14:14:07+00:00,10022273.0,1634.0,0.0005418488719164,13001.2,0.985808,130.0
4124429,AAAA - parallel skydive [funky] by Done,2510077,1:51,6.91,NM,95.23,13394515.0,Done,2018-11-10T00:15:36+00:00,3637934.0,1646.0,0.0005458281781973,12986.3,0.974269,111.0
4126729,Various Artists - Hardtekk Jump Training [Motto!] by _aphantasia,2140158,1:03,7.85,NM,96.26,11048151.0,apisedo,2017-10-23T09:42:23+00:00,10797620.0,1671.0,0.0005548792515007,12947.7,0.96169,63.0
4126900,OISHII - ONIGIRI FREEWAY [PKHG x TATAN'S LOVE EXTRA] by Hazu-,996628,2:49,7.71,HDHR,96.52,12226691.0,Wxlther,2018-05-07T04:24:28+00:00,5767628.0,1703.0,0.0005655053053894,12913.3,0.988672,169.0
4126301,Chicala Lpis - Kaefig [kwk's Extra] by Saturnalize,705769,1:59,7.99,DT,98.15,16329318.0,Furudo Erika,2020-03-04T19:45:25+00:00,10790271.0,1708.0,0.0005671656263095,12910.9,0.986142,119.0
4127321,Renard & Adraen - You Goddamn Fish [Nogard] by fluxie31,2329947,1:03,8.18,HR,99.09,16329318.0,Furudo Erika,2020-03-04T19:45:25+00:00,10786567.0,1708.0,0.0005671656263095,12910.9,0.986142,63.0
4127367,Renard - Rainbow Dash Likes Girls (Stay Gay Pony Girl) [Holy Shit! It's Rainbow Dash... Again!!] by Silverboxer,1893701,3:23,8.33,HR,94.7,16329318.0,Furudo Erika,2020-03-04T19:45:25+00:00,10786567.0,1708.0,0.0005671656263095,12910.9,0.986142,203.0
4123880,Susumu Hirasawa - Amor Buffer [Andrei MiX] by mule kick,2399380,1:26,9.17,DT,93.81,16329318.0,Furudo Erika,2020-03-04T19:45:25+00:00,10793020.0,1708.0,0.0005663879273153,12910.9,0.986142,86.0
4125530,ZUN - Desire Drive [Extra Stage] by Halfslashed,1276352,2:22,6.2,HD,98.7,10975777.0,CutPaper,2017-10-09T03:18:04+00:00,6362721.0,1711.0,0.0005681618188616,12908.1,0.992819,142.0
4123705,Zekk - Libertas [Future] by Livia,954742,2:08,7.29,HR,98.1,21877230.0,Darnix,2021-03-17T14:22:13+00:00,5987932.0,1753.0,0.0005813103258687,12851.2,0.985192,128.0
4126687,Nor - FEEEEVER TIME [Bunny Cluster] by syuq,1686160,1:25,8.37,NM,92.8,21877230.0,Darnix,2021-03-17T14:22:13+00:00,5987932.0,1753.0,0.0005821085145905,12851.2,0.985192,85.0
4124175,Adamusic - WAP x Toxic [Ecstasy] by - ascended -,1369551,2:24,7.43,HDDT,91.8,34387101.0,halowy,2023-09-04T02:22:44+00:00,3566255.0,1782.0,0.0005909269827142,12823.7,0.976261,144.0
4127213,Perfume - Future Pop [Extra] by Mixagji,1500361,2:44,5.86,HDHR,100.0,13653909.0,GLASSY,2018-12-27T03:30:29+00:00,10012990.0,1783.0,0.0005920704401112,12816.9,0.991896,164.0
4124689,Renard - Dash Hopes 3 [300 BPM Madness!] by Baka Tenshi,53059,1:04,12.68,DT,93.61,15895318.0,shimeji,2020-01-02T06:04:33+00:00,5155099.0,1845.0,0.0006118183406889,12741.4,0.975116,64.0
4124016,Dizzy Sunfist - Decided (TV Size) [Tylerderp's Extra] by Mita,2207983,1:28,8.59,HDDT,97.18,14058676.0,Lawso,2019-03-08T09:53:33+00:00,6233823.0,1855.0,0.0006151344292563,12729.5,0.972018,88.0
4126614,Horie Yui - True truly love [Love] by Kyutei,2336840,3:41,6.69,HDHR,99.1,26027222.0,Misono MikaXD,2021-09-21T05:13:04+00:00,10829451.0,1907.0,0.0006332463989299,12668.0,0.993456,221.0
4126963,KIEN - La Grand Bleu [SHD] by 7odoa,36907,1:55,7.33,DT,94.31,15903077.0,cfx,2020-01-03T09:34:22+00:00,4222558.0,1930.0,0.0006408838751624,12640.3,0.976068,115.0
4125175,Ian LeFeuvre - Johnny Test Theme (TV Size) [Tylerderp's Neat Freak Dad] by Nymphe,2295424,0:53,8.13,HDDT,99.7,11203242.0,-QYOURTX-,2017-11-21T09:57:46+00:00,3518611.0,1963.0,0.0006518419932351,12604.0,0.988879,53.0
4124339,lapix - Nexta [ANTIGRAVITY] by DTM9 Nowa,716079,2:07,7.74,NM,97.99,15760163.0,Falnt,2019-12-14T19:27:53+00:00,7514523.0,1965.0,0.000651611403498,12599.9,0.979879,127.0
4124741,Ardolf - Split EX (Instrumental Ver.) [REALITIES COLLIDE] by Ixcors,1670325,3:02,7.76,HD,99.21,22133808.0,dnomyar,2021-03-26T03:52:54+00:00,5323128.0,1991.0,0.0006602332337733,12573.4,0.989954,182.0
4124724,Ardolf - Split EX (Instrumental Ver.) [REALITIES COLLIDE] by Ixcors,1670325,3:02,7.76,HD,98.85,22133808.0,dnomyar,2021-03-26T03:52:54+00:00,5323128.0,1991.0,0.0006602332337733,12573.4,0.989954,182.0
4124351,Void - Just Hold on (To All Fighters) [Beginning] by Echoy,409837,4:03,7.1,HDHR,94.18,12350960.0,xractiv,2018-05-28T03:59:49+00:00,8439274.0,2008.0,0.0006658705843379,12562.9,0.990414,243.0
4125798,Yu Tokiwa - Shounen Ripples [Vibes] by Sotarks,763619,1:48,9.29,HDDT,90.13,10912688.0,lucker,2017-09-27T19:36:23+00:00,9842171.0,2034.0,0.0006754185503007,12539.0,0.989115,108.0
4127378,Kano - Cherry Pop (Cut Ver.) [PikA's Extra] by Sotarks,2464474,1:10,8.55,HDDT,98.35,10912688.0,lucker,2017-09-27T19:36:23+00:00,9842171.0,2034.0,0.0006754185503007,12539.0,0.989115,70.0
4126458,Krewella - Say Goodbye (Nightcore & Cut Ver.) [Reform's Extreme] by A r M i N,1049899,1:09,8.38,HDDT,97.49,10912688.0,lucker,2017-09-27T19:36:23+00:00,9842171.0,2034.0,0.0006754185503007,12539.0,0.989115,69.0
4127354,Kano - Cherry Pop (Cut Ver.) [Kuki's Extra] by Sotarks,2464474,1:10,7.97,HDDT,99.56,10912688.0,lucker,2017-09-27T19:36:23+00:00,9842171.0,2034.0,0.0006754185503007,12539.0,0.989115,70.0
4126505,FantasticYouth - Koshaberi Biyori (TV Size) [Colorful] by Ryxliee,2073027,1:27,5.65,NM,99.38,19699796.0,SkyGTC,2020-12-05T19:04:00+00:00,2225472.0,2040.0,0.0006774109354048,12532.3,0.992006,87.0
4127229,Morimori Atsushi - Paradigm Shift [Ultra] by Avena,432589,1:40,6.84,NM,99.38,10590281.0,Fajga,2017-07-31T16:29:57+00:00,5930263.0,2084.0,0.0006920217595018,12484.2,0.993372,100.0
4123868,TK from Ling tosite sigure - first death [otshelnik] by aishiteiru-,2033133,3:56,7.67,NM,94.69,11545620.0,nuke employee,2018-01-14T10:50:09+00:00,6447807.0,2127.0,0.0007053320382902,12443.5,0.985539,236.0
4126203,Various Artists - Jump Pack [Smother Me Until There's No Me Left] by sophia,2504190,0:37,9.12,NM,94.51,15555817.0,NafikBlin,2019-11-15T14:03:50+00:00,5164662.0,2149.0,0.0007136059314632,12419.2,0.972148,37.0
4126102,prodbydxm - MONTAGEM GRITOS TALENTO RKT VERSION (SPED UP & CUT VER.) [TUFF] by zvonimir,2501204,0:38,8.78,NM,93.21,15555817.0,NafikBlin,2019-11-15T14:03:50+00:00,5164662.0,2149.0,0.0007136059314632,12419.2,0.972148,38.0
4125510,Reol - No title -10 Years Later Edition- (Cut Ver.) [Kuki's Extra] by Sotarks,2436628,1:46,7.91,HDDT,100.0,9332745.0,J4cX,2016-11-27T04:09:46+00:00,6229895.0,2252.0,0.0007478085424175,12325.8,0.990743,106.0
4125620,katagiri - Buta Musou [Unparalleled] by BarkingMadDog,1633225,3:48,7.5,SV2NF,97.1,10976672.0,frutiger aero,2017-10-09T09:37:24+00:00,3294492.0,2394.0,0.0007949616565486,12215.6,0.983753,228.0
4125669,Rhode & IMANU - Of Two Minds [azrulk & ishtiaq's divergent echoes] by Azrulk,2212626,3:30,6.63,SV2NF,95.73,10976672.0,frutiger aero,2017-10-09T09:37:24+00:00,3294492.0,2394.0,0.0007949616565486,12215.6,0.983753,210.0
4124537,Frederic - oddloop [oldnoob] by n0ah,536872,4:04,5.54,NM,98.82,3695865.0,Midslayer,2013-12-05T22:13:53+00:00,9527205.0,2405.0,0.0007975193004644,12210.9,0.9873,244.0
4125755,FRASER EDWARDS - Stop Saying We Sound Like Dragonforce [Not Maaadbot's Legendary] by Sh4rq_,2336672,4:38,8.18,NM,98.31,11398156.0,Luszer,2017-12-23T21:42:09+00:00,6370410.0,2432.0,0.0008075800955415,12190.5,0.975262,278.0
4126779,DragonForce - Galactic Astro Domination [Universe] by Sayuka,2316553,1:26,8.02,NM,97.04,11398156.0,Luszer,2017-12-23T21:42:09+00:00,6370410.0,2432.0,0.0008075800955415,12190.5,0.975262,86.0
4123818,FRASER EDWARDS - Stop Saying We Sound Like Dragonforce [Not Maaadbot's Legendary] by Sh4rq_,2336672,4:38,8.18,NM,97.73,11398156.0,Luszer,2017-12-23T21:42:09+00:00,6370410.0,2432.0,0.0008064727395965,12190.5,0.975262,278.0
4125534,"Twilight Force - Valley of the Vale [Ascending from Fallen Elegance, the Reign of the Kingdom Roams Free Forevermore] by nebuwua",1913010,3:33,7.93,NM,98.33,11398156.0,Luszer,2017-12-23T21:42:09+00:00,6370410.0,2432.0,0.0008075800955415,12190.5,0.975262,213.0
4126071,3R2 - Bounce Bounce [Bunny Extinction] by Nozhomi,551125,1:02,7.15,NFDT,97.89,12047944.0,yimi,2018-04-07T13:23:55+00:00,10009992.0,2464.0,0.0008182061494302,12161.5,0.99472,62.0
4126275,Hitachi Mako (CV: Kotorii Yuuka) - Mako no Nichijou [Lyric's Expert] by papapa213,859338,3:39,7.63,DT,93.74,12047944.0,yimi,2018-04-07T13:23:55+00:00,10009992.0,2464.0,0.0008182061494302,12161.5,0.99472,219.0
4125446,Light - Anoneanoneanoneanoneanoneanoneanoneanone Kouji ga Okureteruno [Net0's Extra] by DJPop,822716,0:33,6.58,HDHR,99.32,13856394.0,Angle_NorFy,2019-01-30T18:51:28+00:00,8240881.0,2489.0,0.0008265077540307,12138.9,0.99162,33.0
4123986,Cranky - Old Gold [Ex] by Alvearia,1303145,1:58,6.61,SV2NFHR,97.77,14252935.0,astrin,2019-04-11T02:32:11+00:00,4552982.0,2534.0,0.0008402968429842,12094.2,0.988805,118.0
4124366,Sengoku Nadeko (CV: Hanazawa Kana) - Ren'ai Circulation (TV Size) [Charmed] by Usaha,2278341,1:28,7.49,HR,98.66,4915980.0,valera456,2014-09-11T20:23:29+00:00,9651675.0,2545.0,0.0008439445404083,12080.6,0.982161,88.0
4127253,DECO*27 - First Storm -Japanese Version- [Arigatou] by SkyFlame,778657,3:48,7.76,HR,97.15,14102544.0,Eugoon,2019-03-15T21:06:03+00:00,8110269.0,2562.0,0.0008507484394643,12071.7,0.967852,228.0
4125881,FuwaMoco - Identity [cs 5.3] by Ekee,2191873,2:28,6.61,SV2NFHR,97.57,12204360.0,mimitaya,2018-05-03T15:56:59+00:00,4159096.0,2619.0,0.0008696760979536,12029.5,0.979447,148.0
4126143,JUNNA - Jounetsu Moratorium [Charade] by Yohanes,2282075,3:21,7.57,SV2NFDT,93.13,12204360.0,mimitaya,2018-05-03T15:56:59+00:00,4159096.0,2619.0,0.0008696760979536,12029.5,0.979447,201.0
4126244,DJ Genki - Unfinished Promise (feat. Conomi Fujimura) [Insane] by Strategas,2045745,4:24,7.48,SV2NFDT,90.08,12204360.0,mimitaya,2018-05-03T15:56:59+00:00,4159096.0,2619.0,0.0008696760979536,12029.5,0.979447,264.0
4124184,Various Artists - Phonk Jump Pack [SENTE MAIS] by Zazou147,2416454,1:48,9.55,NM,92.68,16133097.0,Paraca405,2020-02-05T21:58:16+00:00,4440720.0,2627.0,0.0008711364666612,12021.8,0.961433,108.0
4124530,Hanasaka Yui(CV: M.A.O) - Harumachi Clover [Tarrasky's True Love] by Djulus,600702,0:29,6.33,HDNC,100.0,13121209.0,Skirk,2018-09-20T04:33:32+00:00,4109237.0,2687.0,0.0008910329980657,11967.2,0.998152,29.0
4123964,Tadokoro Azusa - 1HOPE SNIPER [NiNo's Insane] by Sotarks,824132,3:25,6.89,HDDT,92.18,12802076.0,rigellroy,2018-08-05T00:04:57+00:00,11134952.0,2692.0,0.0008926910423494,11964.4,0.992651,205.0
4123825,Fantastic Youth - Unknown Mother-Goose [Unrequited EX (Classic ver.)] by Len,935708,4:31,7.34,HD,98.25,12802076.0,rigellroy,2018-08-05T00:04:57+00:00,11134952.0,2692.0,0.0008926910423494,11964.4,0.992651,271.0
4124203,Porcelain Black - Pretty Little Psycho (Nightcore & Cut Ver.) [Ram's Extra] by Mita,2390209,0:53,8.0,HDHRDT,92.46,10979305.0,Recent,2017-10-09T20:20:06+00:00,5757670.0,2730.0,0.0009052921789056,11938.8,0.977582,53.0
4125668,ARForest feat. nayuta - Kairos [swerize's Re:MASTER] by Ribet,2358172,1:57,6.6,NM,96.2,10249166.0,namirin1,2017-05-24T00:59:46+00:00,12425438.0,2859.0,0.0009493715021189,11838.0,0.988353,117.0
4125992,DJ TOTTO - Douwa Kairou [From the Emptiness of Eternity to Inspiration] by Azrealy,2254595,1:45,9.04,NM,92.46,11222067.0,Shijuni,2017-11-24T18:39:12+00:00,2678349.0,3003.0,0.000997188744618,11741.3,0.96878,105.0
4125641,ishikinonaikranke - daishinkainoatena [expert] by revoh,1846989,2:50,6.91,NM,98.98,8004317.0,wick,2016-02-27T06:02:18+00:00,7320825.0,3126.0,0.0010380326392527,11660.1,0.992405,170.0
4123838,"Minazuki Airi with Atsushi - Daisuki, Evolution [Adrenaline Rush] by Ailane",1805306,1:32,7.74,NF,97.01,6796557.0,Samoyed,2015-07-20T07:51:18+00:00,7716338.0,3132.0,0.0010385989393159,11656.3,0.992252,92.0
4124331,Tia - The Glory Days (TV Size) [Nymphe's Expert] by My Angel Ram,2335787,1:26,7.79,HDDT,96.4,8077696.0,Bikkofollower,2016-03-12T09:40:36+00:00,1582966.0,3184.0,0.0010558425998664,11624.2,0.978284,86.0
4124353,Tia - The Glory Days (TV Size) [Nymphe's Expert] by My Angel Ram,2335787,1:26,7.79,HDDT,94.36,8077696.0,Bikkofollower,2016-03-12T09:40:36+00:00,1582966.0,3184.0,0.0010558425998664,11624.2,0.978284,86.0
4125102,Yousei Teikoku - Zetsubou plantation (Cut Ver.) [Reform's Extra] by kolman,2250663,1:43,8.92,HDNC,96.53,23462368.0,nijikaijichi,2021-05-17T04:31:44+00:00,3670887.0,3188.0,0.0010586206186621,11621.2,0.978312,103.0
4124762,Kano - Cherry Pop (Cut Ver.) [che] by Sotarks,2464474,1:10,8.88,DT,94.65,7655807.0,Maco,2015-12-29T06:59:59+00:00,4999382.0,3221.0,0.0010681121275659,11598.1,0.987245,70.0
4124757,Demi Lovato - Sorry Not Sorry (Rock Ver.) (Nightcore & Cut Ver.) [Kumocha's Extra] by Smoke,2449469,2:00,7.77,DT,98.86,7655807.0,Maco,2015-12-29T06:59:59+00:00,4999382.0,3221.0,0.0010681121275659,11598.1,0.987245,120.0
4124827,Michael Sembello - Maniac (Nightcore & Cut Ver.) [gwb's Extra] by Sotarks,2464479,1:12,8.19,DT,95.39,7655807.0,Maco,2015-12-29T06:59:59+00:00,4999382.0,3221.0,0.0010681121275659,11598.1,0.987245,72.0
4124784,Kano - Cherry Pop (Cut Ver.) [PikA's Extra] by Sotarks,2464474,1:10,8.55,NC,97.89,7655807.0,Maco,2015-12-29T06:59:59+00:00,4999382.0,3221.0,0.0010681121275659,11598.1,0.987245,70.0
4124381,Raimukun - Nyarlathotep's Dreamland [Memory Infinity] by Another Flower,2358642,2:16,7.24,HDHR,98.61,16616672.0,BiaHaNoi,2020-04-05T06:42:26+00:00,5065031.0,3263.0,0.0010820396995491,11569.0,0.987311,136.0
4125107,2 Brothers on the 4th Floor - Come Take My Hand (Nightcore Mix) [Fir's Extreme] by riot1133,2364434,3:02,7.0,NM,99.75,16155325.0,jem888,2020-02-08T21:08:09+00:00,7908944.0,3265.0,0.0010841895608318,11568.7,0.990899,182.0
4124643,lexycat - glitter * (Cut Ver.) [plambob *] by nik,2380835,2:06,6.97,SV2NF,98.51,7943819.0,Mommy,2016-02-15T18:06:29+00:00,4816109.0,3275.0,0.00108601900583,11564.2,0.972984,126.0
4126092,S3RL feat Harri Rush - Nostalgic (Nightcore Mix) [Drop's Extra] by nold_1702,591442,3:43,6.18,NM,90.9,12299092.0,LSiper,2018-05-19T18:30:22+00:00,2296019.0,2661.0,0.0026015086990696,11562.6,0.96638,223.0
4126070,ZUN remixed by LeaF - Resurrection Spell [Another] by Muya,292644,2:17,5.63,NM,94.65,12299092.0,LSiper,2018-05-19T18:30:22+00:00,2296019.0,2661.0,0.0026015086990696,11562.6,0.96638,137.0
4127210,Various Artists - Cs-0 Jump Map Pack [Ch3rry (Short Ver) Ar 10] by Join,1583301,0:25,8.27,HDHRDT,96.99,15941175.0,reeze,2020-01-08T18:43:11+00:00,7015328.0,3344.0,0.0011104226313695,11509.2,0.957843,25.0
4127177,Various Artists - Cs-0 Jump Map Pack [Ch3rry (Short Ver) Ar 10] by Join,1583301,0:25,8.27,HDDT,95.9,15941175.0,reeze,2020-01-08T18:43:11+00:00,7015328.0,3344.0,0.0011104226313695,11509.2,0.957843,25.0
4127219,Various Artists - Cs-0 Jump Map Pack [Ch3rry (Short Ver) Ar 10] by Join,1583301,0:25,8.27,HDHRDT,100.0,15941175.0,reeze,2020-01-08T18:43:11+00:00,7015328.0,3344.0,0.0011104226313695,11509.2,0.957843,25.0
4126407,WILLY WILLIAM - PULCINO PIO (WILLY WILLIAM REMIX) [This is. A Collab Map.] by Filippu,2229712,3:33,9.6,HR,92.55,18827585.0,Loosay,2020-10-09T15:14:40+00:00,4109123.0,3358.0,0.0011150715299458,11503.5,0.982199,213.0
4126149,Zmey Gorynich - Sorochinskaya Yarmarka [Seni's Extreme] by Mazzerin,1191853,3:54,7.51,HR,97.33,5071378.0,Godfrey,2014-10-18T20:16:08+00:00,6318231.0,3382.0,0.0011230410703624,11486.0,0.987512,234.0
4123795,Jeff Williams feat. Casey Lee Williams - Time to Say Goodbye (TV Size) [Nymphe's Extreme] by My Angel Ram,2285243,0:51,9.91,HDDT,91.71,11740799.0,seether,2018-02-14T03:58:51+00:00,893716.0,3399.0,0.001127138504066,11472.5,0.962802,51.0
4125819,lumious2 - clarity rmx (hayakou bootleg) (cut ver.) [andrea's expert] by azumiw,2448427,0:41,8.47,HDHRDT,94.41,11740799.0,seether,2018-02-14T03:58:51+00:00,891061.0,3397.0,0.0011280220331227,11472.4,0.962802,41.0
4125317,Leah Kate - Alive and Unwell (Sped Up & Cut Ver.) [Tragic Love Story] by nettspend,2226069,0:59,7.17,NM,99.17,9489603.0,pohoenx,2016-12-29T18:34:32+00:00,2248213.0,3455.0,0.001147281755796,11446.9,0.974436,59.0
4125307,Takahashi Azumi - Kimi no Kioku -Reload- (Cut Ver.) [I Will Never Leave You] by tsundereSam,2190977,2:35,7.92,NM,95.3,9489603.0,pohoenx,2016-12-29T18:34:32+00:00,2248253.0,3455.0,0.001147281755796,11446.9,0.974436,155.0
4126453,Reol - No title -10 Years Later Edition- (Cut Ver.) [Nymphe's Extra] by Sotarks,2436628,1:27,8.22,HDDT,99.77,17588510.0,purpnode,2020-07-02T08:03:13+00:00,3323828.0,3462.0,0.0011496062050841,11441.4,0.973145,87.0
4123937,cygnus - sodium ethyl xanthate [tekito midori] by perevod,2023131,1:42,7.61,HD,93.67,13249394.0,Rinyeki,2018-10-13T07:33:26+00:00,7942755.0,3469.0,0.0011503511240379,11437.3,0.984956,102.0
4124120,LE SSERAFIM - CRAZY (Cut Ver.) [All The Girls Are Gwbbing Gwbbing] by netxis,2427370,1:36,7.89,HD,99.66,8574531.0,Hallsu,2016-06-17T23:19:33+00:00,8585143.0,3503.0,0.0011616258251671,11417.7,0.994992,96.0
4124923,FROZEN QUALIA - Kaleidoscope [Lasse's Petal] by Hishiro Chizuru,892237,4:36,6.17,HDHR,96.23,10254249.0,Misagi,2017-05-25T04:54:42+00:00,11124160.0,3510.0,0.0011655452859172,11415.8,0.9866,276.0
4125667,sweet ARMS - Blade of Hope (TV Size) [Collab Expert] by FreezingAnimenz,2304483,1:25,7.48,HDDT,94.16,10254249.0,Misagi,2017-05-25T04:54:42+00:00,11124160.0,3510.0,0.0011655452859172,11415.8,0.9866,85.0
4125580,Syaro(CV.Uchida Maaya) - Caffeine Fighter [Kilimanjaro] by Doormat,451250,3:09,6.93,HDNC,99.28,10254249.0,Misagi,2017-05-25T04:54:42+00:00,11124160.0,3510.0,0.0011655452859172,11415.8,0.9866,189.0
4124508,Cafune - Tek it (Sped up ver.) [The one for me] by BrokenRageL,2265210,0:33,7.44,HD,96.33,32158704.0,BrokenRageL,2022-12-03T16:55:03+00:00,2553379.0,3513.0,0.0011649419137346,11413.3,0.981773,33.0
4126163,Oomori Seiko - JUSTadICE (TV Size) [Extreme] by fieryrage,983942,1:29,8.45,HDDT,94.19,32158704.0,BrokenRageL,2022-12-03T16:55:03+00:00,2553379.0,3513.0,0.0011665414784692,11413.3,0.981773,89.0
4126210,Seiryu - AO-Infinity [Refraction] by _RyuK,821798,3:30,6.96,HD,91.98,32158704.0,BrokenRageL,2022-12-03T16:55:03+00:00,2553379.0,3513.0,0.0011665414784692,11413.3,0.981773,210.0
4125557,DJ SHARPNEL - Marunouchi surviver [Level One] by Ratarok,2403321,4:41,7.3,NM,96.96,10941887.0,Braincell,2017-10-02T21:53:26+00:00,9144731.0,3578.0,0.0011881256504307,11374.4,0.9826,281.0
4124938,sasakure.UK - the EmpErroR (Full Ver.) [DistRactioN] by Ryuusei Aika,2234307,3:42,8.02,NM,95.04,16335215.0,Rozeolifant13,2020-03-05T17:51:04+00:00,6372452.0,3630.0,0.0012053929879998,11341.7,0.982051,222.0
4127364,"Umiai - Hana no shurak , Aki no o todoke [catJAM] by Slender_95",1654123,2:14,6.92,HDHR,95.43,7207725.0,Wew,2015-10-10T01:39:22+00:00,8455962.0,3635.0,0.0012070533089199,11339.1,0.982547,134.0
4125729,UNDEAD CORPORATION - Everything will freeze [Freezing] by sjoy,336471,3:14,7.28,HD,94.87,16318993.0,[LAMY],2020-03-03T07:38:43+00:00,5364676.0,3676.0,0.0012206679404648,11316.2,0.991018,194.0
4126299,wotaku - AfterSchool [iloveyou] by vetoed,2388329,3:44,7.4,SV2NFHR,99.15,3257847.0,MyzeJD,2013-09-08T18:17:47+00:00,5486234.0,3722.0,0.0012359428929298,11285.0,0.986306,224.0
4125746,Inferi - Onslaught of the Covenant [Expert] by revoh,1764590,3:01,7.44,SV2NF,97.38,3257847.0,MyzeJD,2013-09-08T18:17:47+00:00,5486234.0,3722.0,0.0012359428929298,11285.0,0.986306,181.0
4125753,Dylan Wyatt Gordon Beats - Squidward Yell [EXTRA MILD BOBBY SAUCE!?!?!?] by Mekadon,2438840,0:54,6.81,HDHR,96.56,14504308.0,cyrosiax,2019-05-19T08:40:56+00:00,4139154.0,3740.0,0.0012419200482422,11272.2,0.976769,54.0
4123854,"Bridgit Mendler, Adam Hicks, Naomi Scott and Hayley Kiyoko - Determinate (Nightcore & Cut Ver.) [PikA's Extra] by My Angel Ram",2425417,1:14,7.82,HDDT,94.39,14239645.0,doom2wrld7,2019-04-08T16:24:25+00:00,3517386.0,3751.0,0.0012438648216392,11266.4,0.981428,74.0
4125625,Inori Minase - Step Up! [Akitoshi's Insane!] by Suimya,2099346,3:47,6.89,HDDT,92.05,35169102.0,blizzachi,2024-01-12T04:21:00+00:00,854009.0,3048.0,0.0029798566383932,11233.0,0.960793,227.0
4125146,Hinatabi Bitter Sweets - Flutter Genshou no Tenmatsu to Tanitsu Shikousei no Kanjouron [Soliloquy] by Abelia,539311,3:16,7.08,SV2NF,98.79,30553857.0,1 star enjoyer,2022-07-02T19:59:19+00:00,6076919.0,3840.0,0.0012751264666444,11222.0,0.992479,196.0
4125781,"""Weird Al"" Yankovic - Hardware Store [POG Moment] by Mr Moseby",833927,2:54,8.56,NM,96.88,30553857.0,1 star enjoyer,2022-07-02T19:59:19+00:00,6076919.0,3840.0,0.0012751264666444,11222.0,0.992479,174.0
4127332,"NewJeans - ETA [We can go whenever you like, now where are you?] by Jo Yu-ri",2399426,2:26,8.46,NM,97.45,15191304.0,Leex,2019-09-15T14:21:54+00:00,5195221.0,3987.0,0.0013239399016957,11149.3,0.985604,146.0
4127208,Kuroneko Dungeon - Ryuu to Shoujo to Decoherence [Overdrive] by Flower,154833,1:57,6.96,NM,98.32,15191304.0,Leex,2019-09-15T14:21:54+00:00,5195221.0,3987.0,0.0013239399016957,11149.3,0.985604,117.0
4123886,"KAQRIYOTERROR - BWG (Cut Ver.) [Prophetic Dreams and Borderlines, Embracing Filth & Shame] by Yomitagami",2158809,1:16,8.28,NM,97.28,15961685.0,PEAC 2,2020-01-11T16:39:48+00:00,5706381.0,4010.0,0.0013297515155353,11139.5,0.975363,76.0
4125163,Cady Groves - This Little Girl (Nightcore & Cut Ver.) [Don't you know?] by PikAqours,2379887,1:03,7.78,HDDT,99.68,12176606.0,dank daruni,2018-04-28T23:49:50+00:00,3418346.0,4153.0,0.0013790625562433,11069.0,0.982039,63.0
4125047,TrySail - Utsuroi (Short Ver.) [browiec's Wisdom] by Log Off Now,1155295,1:28,8.97,DT,93.09,13754277.0,Sophistoriate,2019-01-13T00:29:28+00:00,2466688.0,4159.0,0.0013810549413475,11064.7,0.962449,88.0
4123961,A*Teens - Gimme! Gimme! Gimme! (Nightcore Mix) [CDFGimme!] by ShadowSoul,46218,2:52,7.9,DT,97.47,16451375.0,9xx,2020-03-19T22:01:10+00:00,5240389.0,4178.0,0.001385461803468,11050.8,0.984902,172.0
4127165,Kano - Cherry Pop (Cut Ver.) [Kuki's Extra] by Sotarks,2464474,1:10,8.29,HDHRDT,90.92,16451375.0,9xx,2020-03-19T22:01:10+00:00,5240389.0,4178.0,0.0013873641608439,11050.8,0.984902,70.0
4123883,Jessica Baio - bad times (sped up & cut ver.) [kumocha's expert] by Maiev,2446228,1:06,7.05,DT,98.07,19113014.0,Lync007,2020-10-30T16:57:45+00:00,5031659.0,4254.0,0.0014106640765804,11019.6,0.989934,66.0
4125051,Demi Lovato - Sorry Not Sorry (Rock Ver.) (Nightcore & Cut Ver.) [kayzy & Smoke's Extra] by Smoke,2449469,2:00,8.31,HDDT,94.37,17550018.0,Ynreeq,2020-06-28T16:42:38+00:00,4322765.0,4280.0,0.0014212347076141,11005.0,0.985726,120.0
4125583,DJ TOTTO - Crystalia [Owens' Another] by Hysteria,691220,1:55,7.88,HDDT,91.07,17550018.0,Ynreeq,2020-06-28T16:42:38+00:00,4322765.0,4280.0,0.0014212347076141,11005.0,0.985726,115.0
4126155,FRASER EDWARDS - Stop Saying We Sound Like Dragonforce [Not Maaadbot's Legendary] by Sh4rq_,2336672,4:38,8.18,NM,96.18,22771682.0,cristo153,2021-04-18T09:23:14+00:00,4388080.0,4335.0,0.0014394982377353,10976.2,0.982823,278.0
4124054,DIVELA feat. Hatsune Miku - Beat Syncer [One More Time!] by Log Off Now,1034008,1:36,8.24,HDDT,93.25,16814997.0,ChunkyGoatMilk,2020-04-22T11:03:51+00:00,5616360.0,4342.0,0.0014398456559737,10971.7,0.988802,96.0
4127008,cosMo@Bousou-P - Denpa Shoujo to Kuusou Teien [Radio Girl and the Fantastic Garden] by BarkingMadDog,395862,4:15,7.37,NM,98.27,10390336.0,encate,2017-06-21T16:59:19+00:00,8489553.0,4411.0,0.001464735115721,10934.9,0.989152,255.0
4127386,Marina and the Diamonds - Bubblegum Bitch (Nightcore & Cut Ver.) [PikA's Extra] by Parad0xa,2282704,0:55,7.51,HDDT,98.99,12632228.0,Giraffeyy,2018-07-11T00:27:25+00:00,1615378.0,3473.0,0.0033953550213712,10931.0,0.967715,55.0
4124447,KOTOKO - agony [Impossible] by Apo11o,1697454,3:52,6.14,NM,94.52,19248632.0,ThugXY28,2020-11-07T22:34:11+00:00,2509360.0,4429.0,0.0014686956265102,10926.1,0.986582,232.0
4124109,Endorfin. - Luminous Rage [Kibb x Mikii's Insane] by Kibbleru,492845,3:33,7.13,DT,97.45,11256729.0,Bjorrkin,2017-12-01T00:09:24+00:00,6012582.0,4583.0,0.0015197633904485,10859.6,0.962396,213.0
4125392,MYUKKE. - re[in]flaw [toybot's Expert] by captin1,1344871,1:56,5.65,HD,96.98,3516728.0,Massimo99,2013-10-29T20:04:18+00:00,15194591.0,4586.0,0.0015228463479248,10857.6,0.990495,116.0
4125377,Co shu Nie - asphyxia (TV edit) [Extreme] by Monstrata,758101,1:29,5.63,HD,99.49,3516728.0,Massimo99,2013-10-29T20:04:18+00:00,15194591.0,4586.0,0.0015228463479248,10857.6,0.990495,89.0
4124763,Helblinde - Grief & Malice [Share's Expert] by Okoratu,1846720,3:41,6.13,HR,99.2,9536345.0,John Taco Bell,2017-01-06T20:42:22+00:00,8404815.0,4600.0,0.0015254007410131,10847.4,0.98363,221.0
4125393,Will Stetson - Of Our Time (osu! Edit) [browiec's Extra+] by Sotarks,2422687,2:14,8.99,HDNC,95.28,15183843.0,PinkFart,2019-09-14T13:44:54+00:00,6516747.0,4632.0,0.0015381213003899,10831.9,0.983265,134.0
4124940,6ix9ine - KEKE (feat. Fetty Wap & A Boogie wit da Hoodie) [SCUM GANG~ ;3] by wafer,1931746,2:13,7.24,DT,91.18,15183843.0,PinkFart,2019-09-14T13:44:54+00:00,6516747.0,4632.0,0.0015381213003899,10831.9,0.983265,133.0
4125002,Malcolm Todd - Chest Pain (I Love) [expert] by chidodou,2350380,3:18,6.95,HDDT,96.41,15183843.0,PinkFart,2019-09-14T13:44:54+00:00,6516747.0,4632.0,0.0015381213003899,10831.9,0.983265,198.0
4125441,Demi Lovato - Heart Attack (Rock Ver.) (Nightcore & Cut Ver.) [Reform's Extra] by Smoke,2428693,1:57,8.66,HDNC,94.39,15183843.0,PinkFart,2019-09-14T13:44:54+00:00,6516747.0,4632.0,0.0015381213003899,10831.9,0.983265,117.0
4124962,Kendrick Lamar - Die Hard feat. Blxst & Amanda Reifer [I] by chaser01,2047252,3:38,6.88,HDDT,97.6,15183843.0,PinkFart,2019-09-14T13:44:54+00:00,6516747.0,4632.0,0.0015381213003899,10831.9,0.983265,218.0
4125173,Will Stetson - Of Our Time (osu! Edit) [PikA's Extreme] by Sotarks,2422687,2:13,9.16,HDDT,94.72,15183843.0,PinkFart,2019-09-14T13:44:54+00:00,6516747.0,4632.0,0.0015381213003899,10831.9,0.983265,133.0
4124298,Michael Sembello - Maniac (Nightcore & Cut Ver.) [Kuki's Expert] by Sotarks,2464479,1:12,7.27,HDNC,96.88,16138333.0,Bee Girl,2020-02-06T18:23:36+00:00,5936682.0,4671.0,0.0015489449698418,10815.7,0.985145,72.0
4125184,Au/Ra - Panic Room (Culture Shock Remix) [Collab Insane] by Asphyxia,1783775,4:30,7.44,DT,94.91,14188385.0,miru,2019-03-30T18:37:34+00:00,7362212.0,4749.0,0.0015769728099204,10777.6,0.987195,270.0
4124085,"Petit rabbit's with beans, Hayami Saori, Kayano Ai - Happy Happy Birthday Song [Mille-feuille] by Momochikun",2279410,4:49,7.57,HDDT,93.55,17904412.0,Vertexisty,2020-07-29T23:17:02+00:00,11905233.0,4765.0,0.0015801162023755,10774.1,0.982041,289.0
4125868,kessoku band - Karakara [Halflight] by TasseDeThe,2456985,4:21,6.54,HD,98.64,7233543.0,I love Emilia,2015-10-15T16:59:05+00:00,8840629.0,4786.0,0.0015892591847292,10766.6,0.98736,261.0
4126800,Denkishiki Karen Ongaku Shuudan - Raison d'etre [Despair] by Lasse,2271306,4:10,7.04,HD,97.18,7233543.0,I love Emilia,2015-10-15T16:59:05+00:00,8840629.0,4786.0,0.0015892591847292,10766.6,0.98736,250.0
4125850,Grant Kirkhope - Turbo Trainers [Extreme] by NaPiii_,2476009,0:44,6.58,HD,99.77,7233543.0,I love Emilia,2015-10-15T16:59:05+00:00,8840629.0,4786.0,0.0015892591847292,10766.6,0.98736,44.0
4125806,Grant Kirkhope - Turbo Trainers [Turbo!] by NaPiii_,2476009,0:44,6.93,HD,99.63,7233543.0,I love Emilia,2015-10-15T16:59:05+00:00,8840629.0,4786.0,0.0015892591847292,10766.6,0.98736,44.0
4126824,Roselia - PASSIONATE ANTHEM [VERSUS] by -Mikan,878212,1:36,6.49,HD,99.73,7233543.0,I love Emilia,2015-10-15T16:59:05+00:00,8840629.0,4786.0,0.0015892591847292,10766.6,0.98736,96.0
4126221,IOSYS - Makudo wa Taihen na Mono o Tsukutte Ikimashita [NEVlR's Menu Best Of] by Blacky Design,2237545,2:07,6.92,DT,97.74,15447592.0,-Mast,2019-10-30T03:06:58+00:00,7664439.0,4797.0,0.0015929118907535,10764.6,0.967127,127.0
4125762,100 gecs - hand crushed by a mallet [g3X_x_Xtr^@] by schoolboy,1253992,2:05,7.5,DT,99.34,16072104.0,Sleppie,2020-01-27T22:36:43+00:00,11392459.0,4906.0,0.0016291068868119,10720.8,0.983835,125.0
4124110,Panda Eyes - ILY [Fanteer's Insane] by M a r v o l l o,653534,1:36,6.58,DT,98.83,7246954.0,Zoopasaurus,2015-10-18T07:39:17+00:00,10101083.0,4999.0,0.0016577126748532,10684.6,0.99249,96.0
4125291,Yousei Teikoku - Kyouki Chinden (TV Size) [Extreme] by Rita Summers,2345648,1:34,7.51,NM,97.09,27930314.0,P o o,2021-12-26T20:39:45+00:00,4483115.0,5033.0,0.0016712790381827,10672.8,0.974577,94.0
4124374,xi - Blue Zenith [FOUR DIMENSIONS] by Asphyxia,292301,4:09,7.23,NM,94.19,18256124.0,wizale,2020-08-26T12:56:08+00:00,5520948.0,5092.0,0.0016885522985302,10648.6,0.989556,249.0
4125054,Mrs. GREEN APPLE - Ao to Natsu (katagiri Bootleg) (Sped Up Ver.) [Ultra] by - Nilou -,2311267,3:31,8.12,NM,97.57,18256124.0,wizale,2020-08-26T12:56:08+00:00,5520948.0,5092.0,0.00169087082504,10648.6,0.989556,211.0
4125865,455-38B - G e n g a o z o - f o o n [Extra] by ktgster,869649,2:58,6.07,NM,97.29,5145352.0,-tutuchan812495,2014-11-02T11:19:21+00:00,8845406.0,5191.0,0.0017237451792582,10615.4,0.991064,178.0
4124402,F-777 - Airborne Robots [Drop's Extra] by CookieBite,632505,1:33,6.38,HD,99.51,12908955.0,-_-WeiWei-_-,2018-08-17T18:30:35+00:00,5698180.0,5238.0,0.0017369671916145,10597.0,0.991495,93.0
4127310,Oliver Tree & Robin Schulz - Miss You [190] by Seamob,1914212,2:11,7.17,NM,91.16,10371914.0,Islamu,2017-06-17T21:33:02+00:00,5414573.0,5283.0,0.0017542950841882,10581.4,0.970633,131.0
4125398,Hechizeros Band x Koji Kondo - El Sonidito x Athletic Theme (DitzyFlama Mashup) [Fiery's FIERY SALSA] by Fuxi66,2253247,0:31,7.42,HDHR,98.04,10663877.0,_aphantasia,2017-08-13T23:24:07+00:00,1518164.0,5307.0,0.0017622646246047,10572.8,0.987567,31.0
4123956,Kawada Mami - Wings of Courage -Sora o Koete- (K@keru Dnb Remix) [Expert] by Akitoshi,1143951,4:20,8.23,HRDT,98.27,4502238.0,zelda101,2014-06-09T06:25:22+00:00,15695248.0,5399.0,0.00179035621755,10543.5,0.997817,260.0
4124551,Demi Lovato - Sorry Not Sorry (Rock Ver.) (Nightcore & Cut Ver.) [Ririchi & Kuki's Extra] by Smoke,2449469,2:00,8.16,HDDT,94.08,16834718.0,MindFreak,2020-04-24T05:58:31+00:00,5825886.0,5485.0,0.0018188745792298,10517.0,0.972177,120.0
4124607,Konshasu THOUGHTS x ID Chief x Aloe Island Posse - Space Cowboys [Internet Discotheque] by Mismagius,1115992,3:56,7.91,HD,95.47,6507634.0,NEOBLAZER23,2015-05-23T23:16:05+00:00,10842393.0,5520.0,0.0018304808892157,10503.8,0.984912,236.0
4123893,TRUE - Soundscape [Meg's Extra] by SkyFlame,534054,4:40,6.35,NM,98.88,13611061.0,[Andy],2018-12-20T05:25:15+00:00,8874970.0,5550.0,0.001840429154918,10495.0,0.979849,280.0
4125109,VINXIS - Sidetracked Day (Short Ver.) [-Tynamo's Resolution] by Firiiu,2310753,2:08,7.47,NM,98.75,13205755.0,Potato9756,2018-10-05T15:38:19+00:00,9304268.0,5595.0,0.001857899109603,10481.6,0.989243,128.0
4124845,My Chemical Romance - I'm Not Okay (I Promise) [Akitoshi's Extra] by SupaV,2279701,3:01,8.5,DT,94.44,35069389.0,zwo,2023-12-28T00:04:59+00:00,4092187.0,5632.0,0.0018676210811708,10470.8,0.977402,181.0
4126413,nao - Deep Blue Tiferet [Insane] by ykcarrot,27428,1:51,6.68,DT,98.62,12259726.0,gunch,2018-05-12T20:48:00+00:00,1965412.0,4266.0,0.0041706261218456,10415.2,0.963512,111.0
4127275,Will Stetson - Of Our Time (osu! Edit) [Nymphe's Extra] by Sotarks,2422687,2:13,8.4,DT,98.15,19883639.0,shinchikuhoe,2020-12-17T02:57:12+00:00,2911307.0,5814.0,0.0019306211659039,10410.5,0.950007,133.0
4126842,Demi Lovato - Sorry Not Sorry (Rock Ver.) (Nightcore & Cut Ver.) [Kumocha's Extra] by Smoke,2449469,2:00,7.77,DT,96.75,9614523.0,furryfemboy,2017-01-21T16:57:39+00:00,3581308.0,5886.0,0.0019545297871534,10389.8,0.981364,120.0
4124471,Mitsukasa Ayase (CV: Sawasawa Sawa) - PERFECT GIRL [DOGERINOO'S EXTRA] by Deppyforce,1358125,3:14,6.01,HDHR,97.22,9587466.0,ishiharatakeshi,2017-01-16T10:39:49+00:00,6804394.0,5917.0,0.0019621296053423,10378.4,0.961179,194.0
4127072,u's - Music S.T.A.R.T!! [Insane] by Karen,292823,2:12,6.99,HDDT,97.32,7202604.0,Allison,2015-10-08T23:25:56+00:00,3319490.0,5938.0,0.0019717971247226,10371.4,0.990799,132.0
4126472,Luze - Rei mai Re:World!! [Lunatic] by Caspar,1335882,4:01,7.77,NM,96.53,8755469.0,Sotarx,2016-07-26T00:25:38+00:00,7533098.0,5964.0,0.0019804307935072,10365.3,0.984061,241.0
4125325,Paramore - Still Into You (Nightcore & Cut Ver.) [Mimari's Extra] by aaeky,2499570,0:59,7.87,DT,90.82,14674726.0,boizzu,2019-06-16T21:45:36+00:00,4236833.0,5977.0,0.0019847476278995,10361.7,0.982862,59.0
4125358,TUYU - Sherbet [Not Classic Extra] by Len,2315647,3:06,7.63,HD,99.04,29676811.0,danib0k,2022-04-18T14:15:23+00:00,4033979.0,6055.0,0.0020106486342532,10336.3,0.987479,186.0
4123919,Remo Prototype[CV: Hanamori Yumiri] - Sendan Life [Nostalgia] by Lami,416153,3:52,7.55,HR,99.48,30284920.0,Bochi the osu,2022-06-11T17:42:02+00:00,6898640.0,6083.0,0.0020171766755615,10327.7,0.962841,232.0
4123759,Leah Kate - Life Sux (Sped Up Ver.) [Extra] by Log Off Now,1905234,2:33,8.3,DT,95.71,30284920.0,Bochi the osu,2022-06-11T17:42:02+00:00,6898640.0,6083.0,0.0020171766755615,10327.7,0.962841,153.0
4125144,Green Day - Bang Bang [Mommy's Little Soldier] by - Drummer-,538927,3:24,7.89,HR,97.58,13828005.0,Rushia1,2019-01-25T18:26:40+00:00,5333678.0,6104.0,0.0020269197792702,10320.8,0.965012,204.0
4127186,umu. - humanly [Expert] by Luscent,1045518,3:23,6.69,SV2NFHD,97.94,9828300.0,Liliana,2017-03-03T01:33:47+00:00,7266471.0,6151.0,0.0020425267959193,10306.9,0.992374,203.0
4126326,Various Artists - Jump Pack [No Way Back to the Arms That Saved Me] by sophia,2504190,0:58,8.25,NM,96.25,16515549.0,burningtrup,2020-03-26T16:38:53+00:00,1806139.0,6173.0,0.0020498322079678,10298.8,0.987716,58.0
4126609,Nanawo Akari - Higher's High [Counterattack] by Garden,1846714,3:25,7.96,NFHR,93.1,16515549.0,burningtrup,2020-03-26T16:38:53+00:00,1806139.0,6173.0,0.0020498322079678,10298.8,0.987716,205.0
4125995,Demi Lovato - Sorry Not Sorry (Rock Ver.) (Nightcore & Cut Ver.) [kayzy & Smoke's Extra] by Smoke,2449469,2:00,8.31,HDDT,94.57,35082798.0,zettai,2023-12-29T20:15:52+00:00,2085981.0,6213.0,0.0020631147753286,10287.2,0.97699,120.0
4126007,Demi Lovato - Sorry Not Sorry (Rock Ver.) (Nightcore & Cut Ver.) [kayzy & Smoke's Extra] by Smoke,2449469,2:00,8.31,HDDT,95.48,35082798.0,zettai,2023-12-29T20:15:52+00:00,2085952.0,6213.0,0.0020631147753286,10287.2,0.97699,120.0
4124003,LV.4 - Burning Star [Burn Out] by ktgster,2095154,2:46,7.42,NM,97.69,22613611.0,yellowbadbeast,2021-04-12T02:52:48+00:00,4250573.0,6296.0,0.0020878093620475,10263.8,0.984546,166.0
4125368,Demi Lovato - Sorry Not Sorry (Rock Ver.) (Nightcore & Cut Ver.) [Kumocha's Extra] by Smoke,2449469,2:00,7.77,DT,96.21,22845738.0,flaw01,2021-04-21T13:12:29+00:00,4183772.0,6420.0,0.0021318520614212,10231.1,0.982041,120.0
4126574,Seiryu - 3y3s [kloyd's ONE MORE EXTRA] by 3y3s,2100248,1:57,6.73,NM,96.98,9632125.0,Ravac5,2017-01-25T03:08:49+00:00,5918803.0,6425.0,0.0021335123823413,10229.4,0.988135,117.0
4124663,OxT - HOLLOW HUNGER [NIGHTMARE LEADS US] by Yudragen,1869186,3:36,8.67,HDDT,90.4,18570691.0,Lightwaves,2020-09-18T21:18:41+00:00,7334027.0,6455.0,0.0021405351702695,10222.2,0.956477,216.0
4126465,Suara - Amakakeru Hoshi TV ver. [Another] by Taeyang,414667,1:29,7.21,DT,97.4,33651310.0,Kagkag1,2023-05-13T17:03:03+00:00,2135150.0,6526.0,0.0021670508649275,10203.2,0.962773,89.0
4126514,TUYU - Doro no Bunzai de Watashi dake no Taisetsu o Ubaouda nante [Insane] by banter,1246152,3:10,6.85,DT,95.86,33651310.0,Kagkag1,2023-05-13T17:03:03+00:00,2135150.0,6526.0,0.0021670508649275,10203.2,0.962773,190.0
4126526,TUYU - Doro no Bunzai de Watashi dake no Taisetsu o Ubaouda nante [Insane] by banter,1246152,3:10,6.85,DT,96.97,33651310.0,Kagkag1,2023-05-13T17:03:03+00:00,2135150.0,6526.0,0.0021670508649275,10203.2,0.962773,190.0
4126651,Yasuno Kiyono - Rocket Beat (TV Size) [Dream] by HonigFNA,2361481,1:26,8.03,DT,91.98,33651310.0,Kagkag1,2023-05-13T17:03:03+00:00,2135150.0,6526.0,0.0021670508649275,10203.2,0.962773,86.0
4126630,Yasuno Kiyono - Rocket Beat (TV Size) [Ram's Extra] by HonigFNA,2361481,1:26,7.71,DT,96.27,33651310.0,Kagkag1,2023-05-13T17:03:03+00:00,2135150.0,6526.0,0.0021670508649275,10203.2,0.962773,86.0
4126441,bilbordy - ten' [fiend] by nemidnight,2163016,2:46,8.71,NC,97.17,33651310.0,Kagkag1,2023-05-13T17:03:03+00:00,2135150.0,6526.0,0.0021670508649275,10203.2,0.962773,166.0
4126492,Yonekura Chihiro - Koiseyo Otome! (Game Ver.) [Another] by tomatas95,2122109,1:23,6.75,DT,96.78,33651310.0,Kagkag1,2023-05-13T17:03:03+00:00,2135150.0,6526.0,0.0021670508649275,10203.2,0.962773,83.0
4125784,Keiichi Oku - Ojamajo Doremi Eyecatcher [streams] by RudderFish07,2510256,0:11,7.11,NM,100.0,17943599.0,wood veneer,2020-08-02T04:28:58+00:00,2644040.0,6583.0,0.0021859785234168,10188.9,0.979658,11.0
4127226,PassCode - Ray [Resonance] by SkyFlame,1180927,3:41,7.02,NM,99.64,15558397.0,WheaThley,2019-11-15T20:20:30+00:00,4663199.0,6588.0,0.0021876388443369,10187.8,0.992311,221.0
4125453,Aitsuki Nakuru - Monochrome Butterfly (Cut Ver.) [Monochromatic] by - Nilou -,2292009,1:25,8.07,HDDT,94.96,12956010.0,Laksha,2018-08-24T08:46:30+00:00,3611072.0,6654.0,0.0022095550804823,10172.9,0.978325,85.0
4124944,SMiLE.dk - Koko Soko (AKIBA KOUBOU Eurobeat Remix) [INCREDIBILIS] by Mijn Aim Zuigt,1143822,3:12,7.71,HD,90.05,17363777.0,angel devil,2020-06-11T18:36:40+00:00,2854726.0,6670.0,0.0022148681074267,10169.8,0.988456,192.0
4124335,D4vd - Here with me (Cityyy Remix) [Deep & Lustful Love] by Cityyy,2119694,2:36,7.69,NM,97.62,34867437.0,paundze,2023-11-26T16:40:17+00:00,2928729.0,6684.0,0.0022164735984634,10166.8,0.987921,156.0
4125626,Cuco - Melting [Piggy] by elkakotas,740853,2:33,8.88,HDDT,92.52,26479859.0,kowalik,2021-10-12T16:50:23+00:00,2182066.0,6791.0,0.0022550478736934,10135.1,0.974056,153.0
4125559,Cuco - Melting [Piggy] by elkakotas,740853,2:33,8.88,HDDT,92.6,26479859.0,kowalik,2021-10-12T16:50:23+00:00,2182066.0,6791.0,0.0022550478736934,10135.1,0.974056,153.0
4124526,Ice Nine Kills - Your Number's Up [Time to Scream!] by Blitzifyyy,1476788,2:56,7.63,HR,96.58,12537417.0,Hydrole,2018-06-25T05:08:47+00:00,6069258.0,6822.0,0.0022622356206938,10128.4,0.978507,176.0
4126799,Raimukun - Icyxis [Sh4rq_'s Extreme] by Vermasium,2255665,1:44,7.92,NM,92.41,19104542.0,AChineseMan,2020-10-30T02:56:40+00:00,4905905.0,6871.0,0.0022816130084151,10115.9,0.989201,104.0
4126924,Artemas - i like the way you kiss me (DETHVEDA Frenchcore Edit) [</3] by Mita,2365162,1:40,6.47,HDSD,100.0,19249802.0,chuu,2020-11-08T00:20:42+00:00,4310877.0,6989.0,0.0023207965821297,10084.8,0.994853,100.0
4126770,Tia - The Glory Days (TV Size) [Nymphe's Expert] by My Angel Ram,2335787,1:26,7.79,DT,97.84,2473265.0,Ethelon_,2013-03-24T15:59:49+00:00,5644489.0,7007.0,0.0023267737374421,10080.5,0.977403,86.0
4126711,lumious2 - clarity rmx (hayakou bootleg) (cut ver.) [andrea's expert] by azumiw,2448427,0:41,8.05,DT,94.62,2473265.0,Ethelon_,2013-03-24T15:59:49+00:00,5644489.0,7007.0,0.0023267737374421,10080.5,0.977403,41.0
4124285,MAN WITH A MISSION - When My Devil Rises [DESPAIR] by -Kirigiri,1794786,4:12,7.88,NM,92.7,29130975.0,Magicck,2022-03-10T17:59:35+00:00,5937812.0,7039.0,0.0023341947426068,10075.4,0.984199,252.0
4124257,MAN WITH A MISSION - When My Devil Rises [DESPAIR] by -Kirigiri,1794786,4:12,7.88,NM,91.8,29130975.0,Magicck,2022-03-10T17:59:35+00:00,5937812.0,7039.0,0.0023341947426068,10075.4,0.984199,252.0
4127418,Hoshimachi Suisei - Stellar Stellar [Cinderella] by ImWater,1680549,4:47,6.52,NM,96.74,11023021.0,Luxariah,2017-10-18T23:39:47+00:00,7257666.0,7057.0,0.0023433769466432,10070.7,0.982274,287.0
4126327,James Sharp - Kickin' It With You (TV Size) [Come Kick It With Me] by sytho,2321964,0:40,7.16,HDHR,96.5,34867437.0,paundze,2023-11-26T16:40:17+00:00,2924427.0,7075.0,0.0023493541019556,10064.4,0.987357,40.0
4126402,D(ABE3) - MANIERA [ATHE'S ULTRA] by SakiZ,336828,2:00,7.59,NM,96.58,34867437.0,paundze,2023-11-26T16:40:17+00:00,2924427.0,7075.0,0.0023493541019556,10064.4,0.987357,120.0
4125872,Sheena Ringo - Marunouchi Sadistic (neetskills remix) [Nirvana] by -Mikan,1125370,3:05,7.28,NM,94.58,34867437.0,paundze,2023-11-26T16:40:17+00:00,2924427.0,7075.0,0.0023493541019556,10064.4,0.987357,185.0
4125350,Manticora - Humiliation Supreme [Extreme] by Urition,2364885,2:32,7.14,HR,94.03,28285264.0,carlover61,2022-01-16T07:00:23+00:00,1440454.0,7088.0,0.0023536709363479,10061.5,0.985916,152.0
4126259,MIMI - Kuu ni Naru [Reiszen's Insane] by ThunderBird2678,1676605,2:32,6.83,HDDT,99.22,7813327.0,TheDarkLord_300,2016-01-23T18:39:18+00:00,3159935.0,7255.0,0.0024091256550796,10016.0,0.987631,152.0
4127438,Nanamori-chu * Goraku-bu - Happy Time wa Owaranai [Sotarks' Peace of Mind] by eiri-,773330,2:10,8.61,HDDT,94.66,23731093.0,P_F_C_PRO,2021-05-28T21:37:04+00:00,2143697.0,7299.0,0.0024237364791765,10006.2,0.982339,130.0
4125765,F-777 - Airborne Robots [Drop's Extra] by CookieBite,632505,1:33,6.38,NM,98.94,23731093.0,P_F_C_PRO,2021-05-28T21:37:04+00:00,2143697.0,7299.0,0.0024237364791765,10006.2,0.982339,93.0
4124307,"Foreground Eclipse - Truths, Ironies, The Secret Lyrics [Don't Stop 'Cause This Party's All We've Got] by Seni",944514,3:35,8.2,NM,93.18,23987171.0,Deashc,2021-06-10T13:22:24+00:00,2950254.0,7331.0,0.0024310245287755,9995.99,0.983467,215.0
4124430,Victorius - Age of Tyranny [PixelGlory's Extreme] by Urition,2219231,3:31,7.32,NM,98.68,23987171.0,Deashc,2021-06-10T13:22:24+00:00,2950254.0,7331.0,0.0024310245287755,9995.99,0.983467,211.0
4126076,Arash - Temptation (feat. Rebecca) (Nightcore Mix) [Tylerderp's Extreme] by silver tail,2235601,2:54,8.09,NM,98.32,3892088.0,Bertel,2014-01-18T20:48:51+00:00,5079344.0,7340.0,0.0024373511107214,9995.0,0.990099,174.0
4125308,Metrik - We Got It (feat. Rothwell) [shredding @ 210bpm] by riot1133,1814685,3:06,6.41,NF,90.3,14262149.0,Night-_-,2019-04-12T17:12:44+00:00,9456557.0,7348.0,0.0024400076241936,9992.28,0.987447,186.0
4127147,Harumaki Gohan x NILFRUITS feat. Hatsune Miku & v flower - Unmei [seros' Expert] by Yugu,1662031,3:32,6.39,HR,98.62,9060966.0,Puskevit,2016-09-29T16:32:03+00:00,4665718.0,7371.0,0.0024476451004261,9987.4,0.991526,212.0
4126042,The Living Tombstone - Cats [Insane] by nemidnight,1395063,1:10,5.82,HDDT,97.62,32023174.0,glass beach fan,2022-11-18T18:22:30+00:00,5250637.0,7449.0,0.0024735461067798,9966.12,0.981941,70.0
4124875,Halocene - Carol of the Bells (Rock Cover) (Nightcore & Cut Ver.) [Kumocha's Expert] by GodHacc,2476973,1:55,7.36,HDDT,98.08,11184765.0,bengwranh,2017-11-18T10:10:22+00:00,3797629.0,7452.0,0.0024711492004413,9965.55,0.990039,115.0
4125650,KOTOKO - Wing my Way (Game Ver.) [Tylerderp's Extra] by Log Off Now,2412924,2:10,8.54,DT,92.08,33713626.0,Lavke,2023-05-22T11:11:44+00:00,2331525.0,7459.0,0.0024768667486201,9962.52,0.982178,130.0
4125705,Set It Off - Parasite (Cut Ver.) [Reform's Extra] by Smoke,2284092,2:05,8.87,DT,93.49,33713626.0,Lavke,2023-05-22T11:11:44+00:00,2331525.0,7459.0,0.0024768667486201,9962.52,0.982178,125.0
4125678,kessoku band - Karakara [Halflight] by TasseDeThe,2456985,4:21,6.54,NM,98.86,18378326.0,oihix,2020-09-04T16:20:10+00:00,4556862.0,7482.0,0.0024845042248526,9957.39,0.99081,261.0
4123888,ELFENSJoN - Gensou wa Aoki Tsuki to Narite [Luminus] by gazimal,2262065,3:38,7.81,NM,96.26,14332810.0,ADMUHUCTPATOP,2019-04-23T17:09:20+00:00,4477683.0,7508.0,0.0024897192964188,9951.19,0.988458,218.0
4124759,john - Shun-ran [Extra] by amanatu2,1440688,2:32,6.85,HDHR,93.35,12731071.0,gaeru rest,2018-07-25T12:11:58+00:00,2179784.0,7531.0,0.0024973463001239,9943.72,0.981851,152.0
4126622,kanon x kanon - The Doll House! [Painful World!] by Asgard,43714,3:18,5.48,HDHRDT,93.39,13083042.0,rew,2018-09-13T08:28:40+00:00,3541004.0,7549.0,0.002506752525182,9939.09,0.976505,198.0
4126066,James Sharp - Kickin' It With You [Dutchi's Garfield Kart] by Alucid,1667837,0:39,7.57,NM,92.59,28005210.0,varmapelaaja,2021-12-30T19:11:51+00:00,2940670.0,7674.0,0.0025482605481848,9901.13,0.974653,39.0
4126394,Ashrount vs. D-D-Dice - Lament Rain ('Forlorn' Long ver.) [Last Hope] by Mysty,2494809,3:56,6.35,SV2NFHD,96.76,6895187.0,Suicune3,2015-08-08T00:54:42+00:00,5522199.0,7689.0,0.0025532415109451,9895.04,0.989673,236.0
4125132,Porcelain Black - Pretty Little Psycho (Nightcore & Cut Ver.) [Ram's Extra] by Mita,2390209,0:53,7.62,HDDT,98.81,9917543.0,sirxxa,2017-03-18T22:44:07+00:00,5647915.0,7764.0,0.0025781463247468,9875.26,0.990613,53.0
4125106,Kano - Dear Brave (Short Ver.) [Share's Expert] by rabbie_,2388960,1:34,7.86,HDDT,95.33,9917543.0,[AnimeLover],2017-03-18T22:44:07+00:00,5647915.0,7764.0,0.0025781463247468,9875.26,0.990613,94.0
4124780,Asriel - Kegare Naki Yume [Epilogue] by Settia,386619,4:23,8.42,NM,95.51,9917543.0,sirxxa,2017-03-18T22:44:07+00:00,5647915.0,7764.0,0.0025746111637448,9875.26,0.990613,263.0
4125862,Jack Lenz - Goosebumps Theme Song (TV Size) [plambob] by maxie,2466779,0:59,5.38,NM,95.08,9917543.0,sirxxa,2017-03-18T22:44:07+00:00,5644645.0,7771.0,0.0025804707740349,9873.47,0.990597,59.0
4126762,Erika - I Don't Know (Nightcore & Cut Ver.) [PikA's Extra] by Mita,2479183,0:42,7.45,HDDT,98.14,18552049.0,pwel,2020-09-17T14:37:25+00:00,7148421.0,7853.0,0.0026077000371247,9852.0,0.979732,42.0
4124072,F-777 - Airborne Robots [Drop's Extra] by CookieBite,632505,1:33,6.38,HD,98.28,10842759.0,Naan-E,2017-09-14T03:47:53+00:00,9088242.0,8044.0,0.0026674616436325,9809.98,0.994024,93.0
4124548,MIMI - Shijima ni Saku (Cut Ver.) [Insane] by Hivie,1400312,1:07,6.15,HDDT,100.0,10842759.0,Naan-E,2017-09-14T03:47:53+00:00,9087699.0,8044.0,0.0026674616436325,9809.98,0.994024,67.0
4124507,Aitsuki Nakuru - Presenter* (Cut Ver.) [FukA's Extreme] by Mita,2474192,1:18,7.26,HDHR,100.0,27858341.0,fluvry,2021-12-22T23:20:39+00:00,4674233.0,8164.0,0.0027072547064416,9777.3,0.988766,78.0
4127381,44teru-k respect for Chopin - F.I [emu's Extra] by -Tynamo,2036791,1:56,8.11,NC,95.75,32162290.0,zeppelinn,2022-12-04T00:07:51+00:00,5407382.0,8161.0,0.0027099758058035,9775.92,0.929856,116.0
4125492,Various Artists - Jump Pack [Gentleman] by scarlet,2390174,0:38,6.8,NM,92.41,9708920.0,Livo4,2017-02-08T18:38:32+00:00,11675437.0,8179.0,0.0027159529611159,9770.04,0.987976,38.0
4126343,Pedro Silva - Valour Against All Odds [Extra] by Mita,2360937,0:48,8.86,HDDT,93.17,13708496.0,Pita Griffin,2019-01-05T08:20:39+00:00,1630785.0,8221.0,0.0027298996568448,9757.04,0.971131,48.0
4127001,cosMo@Bousou-P - Denpa Shoujo to Kuusou Teien [Radio Girl and the Fantastic Garden] by BarkingMadDog,395862,4:15,7.37,NM,97.97,26812902.0,OwlSus,2021-10-27T13:20:40+00:00,5043932.0,8335.0,0.0027677549738233,9729.62,0.981379,255.0
4126989,DJ SHARPNEL - Marunouchi surviver [Level One] by Ratarok,2403321,4:41,7.77,HDHR,91.07,15312830.0,Zenox,2019-10-06T13:53:19+00:00,6511828.0,8369.0,0.0027790451560801,9721.83,0.982974,281.0
4127414,U2 - Saigetsu (Koko & Satsuki ga Tenkomori's Sagyou Bougai Remix) [BoshyMan's WE ARE THE JAPANESE GOBLIN!] by Bloxi,1638844,4:00,8.07,HR,91.29,15312830.0,Zenox,2019-10-06T13:53:19+00:00,6511380.0,8364.0,0.00277738483516,9721.83,0.982974,240.0
4126504,Yurkyu - Wanna Fly Away [Lost Without You X] by namriee,2092324,2:24,7.09,NM,98.99,8460976.0,DESERTEZ,2016-05-26T08:27:26+00:00,11297852.0,8420.0,0.0027959804294652,9709.37,0.990227,144.0
4126225,Altermis & takehirotei & Violet Delta - Christmas Slop [Sloppy Gift] by Sotarks,2472271,1:09,7.87,NM,94.46,8460976.0,DESERTEZ,2016-05-26T08:27:26+00:00,11297852.0,8420.0,0.0027959804294652,9709.37,0.990227,69.0
4124830,Victorius - Age of Tyranny [PixelGlory's Extreme] by Urition,2219231,3:31,7.32,NM,97.67,15132941.0,Toyomi Kotori,2019-09-05T23:45:09+00:00,4926960.0,8547.0,0.0028342608985737,9681.59,0.961343,211.0
4125895,Reol - No title -10 Years Later Edition- (Cut Ver.) [Smoke's Extra] by Sotarks,2436628,1:27,8.32,DT,94.05,23284560.0,Realiz,2021-05-09T15:03:51+00:00,3380449.0,8561.0,0.0028428014794123,9680.62,0.948515,87.0
4125779,Myasokombinat im. Putina 1 - Izumrudnyj Huj [world artifact] by WWWWWWWWWWWWWW,1571928,1:52,7.68,NM,92.71,23284560.0,Realiz,2021-05-09T15:03:51+00:00,3380449.0,8561.0,0.0028428014794123,9680.62,0.948515,112.0
4124821,Tsukuyomi - Tsuki ga Michiru [Moonlight ft. a_Blue] by Raijodo,1867271,3:02,7.34,NM,94.77,7070896.0,Shirayuki Hina,2015-09-11T08:29:10+00:00,4725520.0,8608.0,0.002854489038835,9670.52,0.979877,182.0
4124640,Tamura Yukari & Hanazawa Kana - Mogitate * Fruit Girls [kami's Insane] by Raisa12,143556,1:26,5.05,NM,100.0,7070896.0,Shirayuki Hina,2015-09-11T08:29:10+00:00,4725520.0,8608.0,0.002854489038835,9670.52,0.979877,86.0
4125898,beebo - hey there delilah (simon) [i tried to take my life away] by atlas-,1642661,2:18,6.29,HDHR,99.77,13063996.0,Nescafe Classic,2018-09-09T15:02:39+00:00,8071949.0,8611.0,0.0028594046886134,9670.25,0.994041,138.0
4127000,Marmalade butcher - CuttingEdgeInsaneArtifact [PhantasmagoricArtifact] by eringiRa,2409561,3:39,7.2,NM,96.29,18465148.0,invy,2020-09-11T02:06:05+00:00,5796023.0,8622.0,0.0028630573946376,9668.02,0.987086,219.0
4126986,Marmalade butcher - CuttingEdgeInsaneArtifact [PhantasmagoricArtifact] by eringiRa,2409561,3:39,7.2,NM,94.84,18465148.0,invy,2020-09-11T02:06:05+00:00,5796023.0,8622.0,0.0028630573946376,9668.02,0.987086,219.0
4126996,Michael Sembello - Maniac (Nightcore & Cut Ver.) [Obsession] by Sotarks,2464479,1:12,6.4,HDHR,100.0,23288735.0,yusof,2021-05-09T18:38:34+00:00,1519848.0,8633.0,0.0028667101006619,9665.56,0.985724,72.0
4126907,yuikonnu - Yume Chizu [Dream] by browiec,1068768,1:40,8.27,HDDT,95.36,12818740.0,Mussolini Pizza,2018-08-07T13:01:15+00:00,8139117.0,8655.0,0.0028740155127104,9661.85,0.980847,100.0
4125007,THE ORAL CIGARETTES - ERASE (TV SIZE) [CATHARSIS] by killian,2491770,1:27,7.38,NM,97.81,35583455.0,Amatsu,2024-03-17T08:32:26+00:00,3609187.0,8704.0,0.0028902866577274,9653.53,0.990475,87.0
4124997,THE ORAL CIGARETTES - ERASE (TV SIZE) [CATHARSIS] by killian,2491770,1:27,7.38,NM,97.25,35583455.0,Amatsu,2024-03-17T08:32:26+00:00,3609187.0,8704.0,0.0028902866577274,9653.53,0.990475,87.0
4125081,THE ORAL CIGARETTES - ERASE (TV SIZE) [CATHARSIS] by killian,2491770,1:27,7.38,NM,99.01,35583455.0,Amatsu,2024-03-17T08:32:26+00:00,3609187.0,8704.0,0.0028902866577274,9653.53,0.990475,87.0
4125062,THE ORAL CIGARETTES - ERASE (TV SIZE) [CATHARSIS] by killian,2491770,1:27,7.38,NM,99.22,35583455.0,Amatsu,2024-03-17T08:32:26+00:00,3609187.0,8704.0,0.0028902866577274,9653.53,0.990475,87.0
4127034,Koji Kondo - Slider [FREEDOM DiVE] by YokesPai,1961109,2:25,6.97,NM,99.27,26199136.0,BOBAH,2021-09-29T13:09:22+00:00,4430810.0,8741.0,0.0029025730325363,9645.55,0.992685,145.0
4126891,"Aiurabu (CV: Nakajima Yui, Iida Yuuko, Tamura Nao) - Kani*Do-Luck! (TV Size) [Fuxi's Crab] by KeyWee",2310271,0:58,8.03,HDDT,96.24,14685663.0,lxcn,2019-06-18T23:04:26+00:00,3516690.0,8755.0,0.0029072219311126,9641.43,0.969369,58.0
4126833,Station Earth - Cold Green Eyes feat. Roos Denayer (Nightcore & Cut Ver.) [Ram's Extra] by Mizujin,2297262,1:33,7.82,HDDT,97.68,14685663.0,lxcn,2019-06-18T23:04:26+00:00,3516690.0,8755.0,0.0029072219311126,9641.43,0.969369,93.0
4126292,Manticora - Humiliation Supreme [Dignity] by Urition,2364885,2:32,7.49,NM,97.96,15625172.0,sareemaa,2019-11-25T13:36:37+00:00,2770929.0,8784.0,0.0029168517924492,9634.74,0.98172,152.0
4123909,Farhan feat. GUMI - Dandelion [Extra] by Stixy,1180255,1:57,7.23,HDDT,97.91,19045871.0,rewired,2020-10-26T04:07:32+00:00,4069643.0,8793.0,0.0029158366773323,9632.28,0.983849,117.0
4124021,lumious2 - clarity rmx (hayakou bootleg) (cut ver.) [hayakou's bootleg] by azumiw,2448427,0:41,7.34,NM,97.27,16671468.0,netxis,2020-04-09T20:27:54+00:00,4953794.0,8825.0,0.002926448160748,9623.63,0.989518,41.0
4124394,Natori Sana - Mondainai Tripper! [Heilia's Extra Koi!] by Atipir,2199122,3:02,6.69,NM,95.77,19494789.0,noskaia,2020-11-23T08:01:11+00:00,5330830.0,8843.0,0.0029324171201694,9621.41,0.988343,182.0
4124431,ginkiha - Shadow Castle [destiny's Opal] by JeZag,1859697,2:48,6.47,NM,93.59,19494789.0,noskaia,2020-11-23T08:01:11+00:00,5330830.0,8843.0,0.0029324171201694,9621.41,0.988343,168.0
4124561,Sleeping With Sirens - If You Can't Hang [Bearizm's Extreme] by pishifat,409025,4:07,6.7,NM,99.55,16814347.0,NanoShinra,2020-04-22T09:39:45+00:00,9460847.0,8912.0,0.0029552981312846,9606.35,0.993104,247.0
4124606,UNDEAD CORPORATION - Yoru Naku Usagi wa Yume o Miru [Lenvia's Classic Collab Extra] by MaridiuS,695743,3:38,6.54,NM,99.43,16814347.0,NanoShinra,2020-04-22T09:39:45+00:00,9460847.0,8912.0,0.0029552981312846,9606.35,0.993104,218.0
4127347,Apollo - Brazil [Kuki's Extra] by moonpoint,2104327,0:38,6.82,HDHR,98.35,7093373.0,papika,2015-09-15T16:53:45+00:00,8405209.0,8933.0,0.0029663293558685,9601.81,0.987643,38.0
4123718,Team.NEKOKAN - Airman ga Taosenai [Mir's Extra] by Sotarks,732994,3:41,6.81,NM,94.88,7093373.0,papika,2015-09-15T16:53:45+00:00,8405209.0,8933.0,0.0029622619172761,9601.81,0.987643,221.0
4124796,DragonForce - Galactic Astro Domination [Sh4rq_'s Extra] by Sayuka,2316553,1:26,6.55,HDHR,97.17,4408727.0,maelle,2014-05-18T04:53:12+00:00,7041267.0,8998.0,0.0029838164929644,9585.28,0.98658,86.0
4125470,"TAK - PPPP feat. Hatsune Miku, Kasane Teto [Pyon! Pyon! Pyon! Pyon!] by Andrea",2501921,2:32,7.12,HDDT,96.12,13134331.0,[Ice],2018-09-22T12:56:06+00:00,8318366.0,9007.0,0.0029909021054861,9583.33,0.990393,152.0
4124801,SHK - Identity Part 4 [Insane] by AngelHoney,39428,1:52,8.11,DT,98.52,8152276.0,The Broker,2016-03-26T08:14:04+00:00,1591566.0,9057.0,0.0030033814155121,9574.26,0.974947,112.0
4125128,Ushiro kara Haiyori-tai G - Koi wa Chaos no Shimobe Nari (TV Size) [Skubi's Another] by Sonnyc,1520794,1:28,5.82,HD,95.66,3167182.0,shavit,2013-08-22T07:10:46+00:00,2197843.0,9111.0,0.0030254367806244,9562.65,0.99012,88.0
4124836,THE ORAL CIGARETTES - 5150 [0212] by donjuan,812921,1:55,7.24,NM,98.52,14651919.0,Potenchill,2019-06-13T01:03:26+00:00,7351296.0,9359.0,0.0031035272902482,9509.11,0.984906,115.0
4124803,Memme - Plasma Gun [LMT's Obliteration] by emu1337,1341551,0:58,7.33,NM,92.61,14651919.0,Potenchill,2019-06-13T01:03:26+00:00,7351553.0,9359.0,0.0031035272902482,9509.11,0.984906,58.0
4124647,OSTER project - piano x forte [Fortissimo] by DeviousPanda,1296249,3:11,6.66,HR,95.99,11068425.0,gato hongo,2017-10-27T18:09:10+00:00,6332696.0,9377.0,0.0031094962496696,9503.64,0.987866,191.0
4126735,DNCE - Cake by the Ocean [start living dangerously] by Axarious,431309,3:34,7.24,NM,96.01,19995259.0,Dex0tr1x,2020-12-23T16:24:59+00:00,3725489.0,9434.0,0.0031326935120635,9492.79,0.987277,214.0
4127141,Jessica Baio - bad times (sped up & cut ver.) [expert] by Maiev,2446228,1:06,7.23,HDDT,100.0,15296384.0,Dancing,2019-10-03T22:24:11+00:00,3441014.0,9537.0,0.0031668961230178,9471.92,0.9836,66.0
4127121,Jessica Baio - bad times (sped up & cut ver.) [kumocha's expert] by Maiev,2446228,1:06,7.05,HDDT,99.65,15296384.0,Dancing,2019-10-03T22:24:11+00:00,3441014.0,9537.0,0.0031668961230178,9471.92,0.9836,66.0
4125642,LIQU@. - Yotogibanashi no Kamikakushi [Miryokuteki na Shijuu Kekkai] by Kyubey,236396,1:48,7.45,HD,98.26,18696736.0,MofuGrape,2020-09-28T12:34:12+00:00,2667948.0,9583.0,0.0031821710754828,9463.92,0.984472,108.0
4123852,Will Stetson - Of Our Time (osu! Edit) [browiec's Extra+] by Sotarks,2422687,2:14,8.99,HDDT,92.3,25838390.0,xxDarkKiller,2021-09-11T21:17:31+00:00,1871217.0,9673.0,0.0032076524712652,9447.81,0.965756,134.0
4127152,Altermis & takehirotei & Violet Delta - Christmas Slop [Reform's Extreme+] by Sotarks,2472271,1:02,7.18,HDHR,100.0,29763113.0,No-riki,2022-04-25T20:42:09+00:00,1786191.0,9711.0,0.0032246752910376,9438.36,0.992372,62.0
4124732,Wakeshima Kanon - Tsukinami [Nostalgia] by Reform,896080,4:44,8.59,DT,94.0,23402273.0,CandyShi,2021-05-14T16:23:06+00:00,5684099.0,9718.0,0.0032225748698186,9436.92,0.980385,284.0
4126086,ReoNa - Believer [Karcher's Extreme] by tacoyaki5,2162854,4:14,7.2,NM,98.3,9389164.0,-UniRain-,2016-12-08T15:21:19+00:00,11262010.0,9738.0,0.0032336410240062,9434.39,0.988714,254.0
4126338,"HAG - Colorful [Even with Mistakes & Loneliness, Don't Give Up. Every Step Forward Brings Hope.] by BadGames",1836478,4:34,7.11,HR,98.38,9389164.0,-UniRain-,2016-12-08T15:21:19+00:00,11262010.0,9738.0,0.0032336410240062,9434.39,0.988714,274.0
4126318,"Isekaijoucho - Fairytale, [Yakusoku ne] by sagirio",2279095,4:44,6.94,NM,99.4,9389164.0,-UniRain-,2016-12-08T15:21:19+00:00,11262010.0,9738.0,0.0032336410240062,9434.39,0.988714,284.0
4124015,Will Stetson - Of Our Time (osu! Edit) [Nymphe's Extra] by Sotarks,2422687,2:13,8.4,HDDT,94.53,20338180.0,acc demon,2021-01-12T17:48:33+00:00,2845206.0,9778.0,0.0032424714012231,9429.44,0.972914,133.0
4126773,"Bridgit Mendler, Adam Hicks, Naomi Scott and Hayley Kiyoko - Determinate (Nightcore & Cut Ver.) [Fearless Rockstar] by My Angel Ram",2425417,1:14,8.15,HDDT,93.1,14060579.0,RiSe,2019-03-08T16:45:11+00:00,4747016.0,9827.0,0.0032631947363842,9418.61,0.985703,74.0
4126834,Hechizeros Band x Koji Kondo - El Sonidito x Athletic Theme (DitzyFlama Mashup) [Kuki's CHEESY ENCHILADAS] by Fuxi66,2253247,0:31,8.28,DT,94.24,12048270.0,Kaqwi,2018-04-07T14:18:53+00:00,2757900.0,9859.0,0.0032738207902729,9413.48,0.976224,31.0
4125491,S3RL feat Harri Rush - Nostalgic (Nightcore Mix) [yf's Insane] by nold_1702,591442,4:04,5.3,HD,99.1,8873753.0,jonttu45,2016-08-19T16:36:59+00:00,7373555.0,9929.0,0.0032970652831544,9402.85,0.990692,244.0
4124420,tatatat - thrush nightingale bird singing [ize's expert] by fieryrage,2239652,0:35,5.89,HD,97.95,10903878.0,Sunda3,2017-09-25T20:57:06+00:00,3405501.0,9987.0,0.0033117776522822,9389.65,0.990785,35.0
4123842,senya - Tamashii no Katari ni Michibikarete [kowari's Lunatic] by Satellite,2129313,3:52,7.2,DT,96.84,12742221.0,Celybi,2018-07-27T02:09:29+00:00,6689153.0,10126.0,0.0033578712833693,9369.2,0.973152,232.0
4127338,UNDEAD CORPORATION - Embraced by the Flame [Crimson Shard] by PoNo,783213,1:51,8.5,NM,93.15,12742221.0,Celybi,2018-07-27T02:09:29+00:00,6685713.0,10118.0,0.0033598254139346,9369.2,0.973152,111.0
4126273,Victorius - Age of Tyranny [PixelGlory's Extreme] by Urition,2219231,3:31,11.15,DT,93.62,12742221.0,Celybi,2018-07-27T02:09:29+00:00,6689153.0,10126.0,0.0033624819274067,9369.2,0.973152,211.0
4126892,"Skee-Lo - I Wish [Scat, Skittle, Sca-bobble] by Aranel",2161355,3:38,6.21,NM,97.39,6411479.0,W A R P A T H,2015-05-03T19:00:17+00:00,7388721.0,10229.0,0.003396684538361,9351.93,0.981855,218.0
4126835,Marina and the Diamonds - Bubblegum Bitch (Nightcore & Cut Ver.) [PikA's Extra] by Parad0xa,2282704,0:55,7.51,HDDT,98.56,19228501.0,NeProMax,2020-11-06T19:57:20+00:00,5365885.0,10239.0,0.0034000051802012,9350.93,0.980152,55.0
4124342,NU-KO - Pochiko no Shiawase na Nichijou (Long Version) [Pochiko] by SnowNiNo_,307034,3:46,6.65,HD,99.17,11695342.0,JoseSucks,2018-02-06T18:34:17+00:00,1403007.0,10281.0,0.0034092706561643,9343.83,0.989838,226.0
4127404,DJ SHARPNEL - CYBER INDUCTANCE [FINAL] by mithew,2342474,4:50,7.03,HDHR,97.46,11140740.0,My Angel Amogus,2017-11-10T22:39:16+00:00,13089418.0,10282.0,0.0034142839401142,9341.62,0.988452,290.0
4123821,"LADYBABY - Nippon Manju [Anime, noodles, idols, icons!] by Shmiklak",910392,4:15,6.53,HDHR,99.18,11140740.0,My Angel Amogus,2017-11-10T22:39:16+00:00,13089457.0,10282.0,0.0034096022650211,9341.62,0.988452,255.0
4125513,cupsize - ti lubish tancevat' [xz] by waltto,2064694,1:40,6.87,NM,96.11,11144419.0,_kurechi,2017-11-11T14:06:43+00:00,4327440.0,10292.0,0.0034176045819544,9340.79,0.986166,100.0
4125505,cupsize - ti lubish tancevat' [xz] by waltto,2064694,1:40,6.87,NM,96.85,11144419.0,_kurechi,2017-11-11T14:06:43+00:00,4327440.0,10292.0,0.0034176045819544,9340.79,0.986166,100.0
4127149,Kousaka Honoka (CV: Nitta Emi) - Snow halation (HONOKA Mix) (Cut Ver.) [Another] by My Angel Ram,2472740,1:44,7.28,HDDT,98.02,19658477.0,ube halaya,2020-12-03T12:05:04+00:00,2578573.0,10376.0,0.0034454979734122,9323.79,0.989503,104.0
4124686,Helblinde - Disconnected [#BLAMEBDDAV2k14] by Taikuta,169874,3:38,7.76,NM,97.32,11695342.0,JoseSucks,2018-02-06T18:34:17+00:00,1401105.0,10512.0,0.0034858723020717,9304.51,0.989705,218.0
4123760,hasu - Warcry [THOUSAND PUNCH (kills instantly)] by melonboy,2281532,3:21,7.55,SV2NF,97.83,14089530.0,rbk,2019-03-13T14:57:28+00:00,3228502.0,10590.0,0.0035117377928976,9293.3,0.988125,201.0
4126079,ZUN - Extend Ash ~ Houraijin [Insane] by nik,1799071,2:35,6.49,DT,91.2,16335316.0,imtiredfromthis,2020-03-05T18:06:19+00:00,4948211.0,10616.0,0.0035251933775775,9287.75,0.986094,155.0
4127330,"Dio feat. Sef - Aye [broek laag, pet laag, jep iedereen roept] by AJT",1621130,2:26,8.04,DT,92.58,15793734.0,APTEM,2019-12-19T16:56:39+00:00,3591366.0,10622.0,0.0035271857626816,9286.89,0.984392,146.0
4125874,Aziya - bbydoll (nightcore & cut ver.) [love me] by riot1133,2374386,0:57,7.66,HDHR,100.0,9357029.0,EnchantedSpider,2016-12-02T11:45:56+00:00,6943673.0,10665.0,0.0035414645225946,9281.42,0.980364,57.0
4125511,Shawn Wasabi + YDG feat. YUNG GEMMY - Burnt Rice (Aiobahn & Jh-Anu Remix) [Master] by handsome,519256,3:53,6.9,NM,96.0,23764542.0,luneteo,2021-05-30T11:51:13+00:00,5735069.0,10658.0,0.0035391400733064,9280.97,0.99102,233.0
4123949,Team.NEKOKAN - Airman ga Taosenai [Mir's Extra] by Sotarks,732994,3:41,6.81,NM,99.45,12675707.0,RyanTux,2018-07-17T13:41:46+00:00,4912994.0,10852.0,0.003598619313364,9248.83,0.990911,221.0
4124932,Victorius - Age of Tyranny [PixelGlory's Extreme] by Urition,2219231,3:31,7.32,NM,96.75,20903405.0,misore,2021-02-07T22:05:15+00:00,4128718.0,10854.0,0.0036042246533748,9248.01,0.985222,211.0
4126618,Fleshgod Apocalypse - The Fool [morphne's Extreme] by Camo,2027968,3:50,7.59,NM,91.73,16303912.0,Vanty,2020-03-01T00:53:45+00:00,6630433.0,10908.0,0.0036221561193119,9240.19,0.988632,230.0
4125217,OBKATIEKAT - ROLLING GIRL (feat. Evil Neuro) [Castie & Sayuka's Extreme] by Sayuka,2221577,3:06,6.63,NM,98.68,11730796.0,IDan24,2018-02-12T10:44:17+00:00,4996384.0,10943.0,0.0036337783657527,9232.99,0.9906,186.0
4126011,"Aline Barros - Eu Li Na Biblia (Sped Up & Cut Ver.) [Grite, grite, grite] by riot1133",2411374,1:16,8.2,HD,97.79,7498203.0,SecretlyShiro,2015-11-30T19:35:38+00:00,7759991.0,10950.0,0.0036361028150409,9231.6,0.981571,76.0
4125074,Risshuu feat. Choko - Take [Ta~ke take take take take take tatata~] by yf_bmp,1376486,2:20,7.68,NM,93.27,11398814.0,FiXww,2017-12-24T00:02:37+00:00,7916318.0,10962.0,0.0036400875852491,9230.59,0.989642,140.0
4125982,"BEMANI Sound Team ""Nekomata Master VS dj TAKA"" - suspicions [EXPERT] by fooders",2141125,1:53,6.87,SV2NFHD,93.07,31682960.0,Syalis,2022-10-14T22:44:36+00:00,2198074.0,10986.0,0.0036480571256657,9225.12,0.971687,113.0
4125846,Ashrount vs. D-D-Dice - Lament Rain ('Forlorn' Long ver.) [Last Hope] by Mysty,2494809,3:56,6.35,SV2NFHD,95.35,31682960.0,Syalis,2022-10-14T22:44:36+00:00,2198074.0,10986.0,0.0036480571256657,9225.12,0.971687,236.0
4126049,team Umifure - Deep Blue Town e Oide yo [aloha~] by jordanlr7,1292889,3:15,7.18,SV2NFHR,94.88,31682960.0,Syalis,2022-10-14T22:44:36+00:00,2198074.0,10986.0,0.0036480571256657,9225.12,0.971687,195.0
4126107,Marmalade butcher - Open Scar Unending [toybot's Ex] by revoh,2471983,2:55,7.07,SV2NFHR,95.94,31682960.0,Syalis,2022-10-14T22:44:36+00:00,2198074.0,10986.0,0.0036480571256657,9225.12,0.971687,175.0
4125794,DECO*27 - Dilemma feat. Hatsune Miku [After Effects] by SkyFlame,2047908,2:44,6.32,SV2NFHD,96.66,31682960.0,Syalis,2022-10-14T22:44:36+00:00,2198074.0,10986.0,0.0036480571256657,9225.12,0.971687,164.0
4126274,canoue - Hotarubi Gatari [Laurier's Extra] by Kuro Fuyusaki,2326124,4:37,7.35,SV2NFDT,95.99,31682960.0,Syalis,2022-10-14T22:44:36+00:00,2198074.0,10986.0,0.0036480571256657,9225.12,0.971687,277.0
4125890,Kano - Dear Brave (Short Ver.) [Share's Expert] by rabbie_,2388960,1:34,7.86,HDNC,96.98,6487888.0,Res0lut10n,2015-05-19T16:28:33+00:00,4873786.0,11107.0,0.0036882368919323,9201.68,0.977737,94.0
4123827,Kano - Cherry Pop (Cut Ver.) [Kuki's Extra] by Sotarks,2464474,1:10,8.29,HRDT,92.0,11273009.0,Swuki,2017-12-03T10:51:29+00:00,2874552.0,11227.0,0.0037229726346423,9179.63,0.981843,70.0
4126282,Various Artists - Hardtekk Jump Training [^! ^! ^!] by _aphantasia,2140158,0:44,6.7,NM,96.89,24267206.0,Bibo-_-,2021-06-25T10:33:55+00:00,2987874.0,11247.0,0.0037347258776954,9173.81,0.977814,44.0
4127328,ROMANCEPLANET w/ STAKILLAZ - FALL FROM THE SKY PT. 2 (NOSTALGIC) [*. KARTA398?ETERNAL_DESPAIR .*] by Asahina Oleshev,2365544,1:18,5.39,HDDT,99.27,12668724.0,est,2018-07-16T15:23:44+00:00,4814576.0,11265.0,0.0037407030330078,9170.94,0.984818,78.0
4125484,"Bridgit Mendler, Adam Hicks, Naomi Scott and Hayley Kiyoko - Determinate (Nightcore & Cut Ver.) [Fearless Rockstar] by My Angel Ram",2425417,1:14,8.15,NC,96.63,12631476.0,Meiiyuki,2018-07-10T21:23:41+00:00,4774900.0,11400.0,0.0037855316978508,9146.41,0.983552,74.0
4125471,Bowling For Soup - Today is Gonna be a Great Day (TV Size) [Kuki's Extra] by Smoke,1209835,0:55,7.45,NC,98.82,12631476.0,Meiiyuki,2018-07-10T21:23:41+00:00,4774900.0,11400.0,0.0037855316978508,9146.41,0.983552,55.0
4126248,"glaive, ericdoa - fuck this town [phantasm] by Visionary",1843870,1:36,7.37,DT,95.52,12965030.0,jqvi,2018-08-25T14:16:25+00:00,2853873.0,11472.0,0.0038094403191003,9134.35,0.98306,96.0
4124425,PassCode - Ray [Resonance] by SkyFlame,1180927,3:41,7.02,NM,97.17,23851717.0,Natsumi98,2021-06-03T15:48:55+00:00,3792413.0,11527.0,0.0038224552916649,9126.05,0.973932,221.0
4124322,Foreground Eclipse - Storytellers [Stories That Last Through The Sleepless Nights] by Seni,311328,3:45,6.59,HD,98.46,17558889.0,yee001,2020-06-29T14:00:45+00:00,6466889.0,11543.0,0.0038277610333727,9124.87,0.976068,225.0
4124475,"Waka, Fuuri, Sunao from STAR * ANIS - Diamond Happy (TV Size) [Go! Go! Let's Go!] by Andrea",2297809,1:28,7.5,NM,97.91,17558889.0,yee001,2020-06-29T14:00:45+00:00,6466889.0,11543.0,0.0038277610333727,9124.87,0.976068,88.0
4124062,Electro.muster feat. Mitose Noriko - Duel Alternatives (Game Ver.) [2wei vs. Nerddog's Ultimate] by 2wei,2451695,2:03,8.25,DT,92.84,21671766.0,kuroo_00,2021-03-09T13:48:16+00:00,4617213.0,11629.0,0.0038562793950525,9108.94,0.969628,123.0
4127129,Marina and the Diamonds - Bubblegum Bitch (Nightcore & Cut Ver.) [PikA's Extra] by Parad0xa,2282704,0:55,7.51,NC,99.13,14634790.0,davi,2019-06-09T21:15:26+00:00,3141339.0,11681.0,0.0038788417335609,9100.18,0.988698,55.0
4126654,Paramore - Still Into You (Nightcore & Cut Ver.) [PikA's Extra] by aaeky,2499570,0:59,7.44,HDDT,91.84,22873482.0,Lonelynez,2021-04-22T16:16:48+00:00,3759185.0,11831.0,0.0039286513611642,9072.86,0.979733,59.0
4126688,yuikonnu - Yume Chizu [Dream] by browiec,1068768,1:40,8.27,HDDT,92.06,22873482.0,Lonelynez,2021-04-22T16:16:48+00:00,3759185.0,11831.0,0.0039286513611642,9072.86,0.979733,100.0
4123813,ORESAMA - Hotohashiru [Akitoshi's Insane] by Meg,1090567,3:50,6.41,DT,98.17,19643135.0,tsushiroll,2020-12-02T13:34:27+00:00,6932598.0,11954.0,0.0039640522734937,9052.32,0.953559,230.0
4126759,Mio Yamazaki - Noise (English ver.) [Extreme] by Akitoshi,702892,2:50,7.26,HR,98.25,22102275.0,Spiff,2021-03-25T07:54:47+00:00,4635372.0,11966.0,0.0039734800260072,9050.69,0.990672,170.0
4124594,Noisia & IMANU - Shift [Spectrum] by Mir,1781878,3:44,7.18,SV2NF,92.34,4344341.0,Emeskey,2014-05-02T23:00:02+00:00,6492992.0,11969.0,0.0039690264063448,9049.47,0.989358,224.0
4124177,YOASOBI - Kaibutsu (TV Size) [PikA's Insane ft. Kuro] by [-Evil-],1328989,1:27,5.98,HDDT,99.52,25481349.0,Ben Breeze,2021-08-23T00:29:20+00:00,1896182.0,12150.0,0.0040290476094151,9022.53,0.986697,87.0
4125065,Imperial Circus Dead Decadence - Shinbatsu o Tadori Kyoukotsu ni Itaru [Mun's Expert] by Kite,482382,4:24,6.97,NM,98.53,16601838.0,Grayy-,2020-04-03T20:49:35+00:00,7351455.0,12166.0,0.0040398928628116,9020.81,0.98573,264.0
4123805,MOMOIRO CLOVER Z - SANTA SAN (Cut Ver.) [FukA's Extra] by KeyWee,2288239,2:35,7.89,HDDT,97.17,16400018.0,bangol,2020-03-14T12:55:39+00:00,2279629.0,12237.0,0.0040578975799517,9006.94,0.984399,155.0
4126991,Erika - I Don't Know (Nightcore & Cut Ver.) [Kumocha's Extra] by Mita,2479183,0:42,7.3,HDDT,96.97,20524617.0,KawaiiSniperBoy,2021-01-22T10:31:56+00:00,3682099.0,12248.0,0.0040671221259014,9005.37,0.978753,42.0
4125302,Petit Rabbit's - Daydream cafe [Choco Latte] by TsumugiP,1785595,3:44,6.66,DT,97.89,12710265.0,VictorSkull,2018-07-22T10:05:27+00:00,8085935.0,12504.0,0.0041521305570111,8964.37,0.988036,224.0
4127153,lumious2 - clarity rmx (hayakou bootleg) (cut ver.) [quantumvortex's ultra] by azumiw,2448427,0:41,7.55,HR,99.16,33816335.0,TheoR3,2023-06-06T12:11:55+00:00,2244655.0,12549.0,0.004167073445292,8957.19,0.987371,41.0
4124417,Paramore - Still Into You (Nightcore & Cut Ver.) [snyc's Another] by aaeky,2499570,1:00,6.73,DT,94.87,15490862.0,Nick Eh 30,2019-11-05T13:54:04+00:00,2061083.0,12556.0,0.0041636808052524,8956.38,0.975001,60.0
4124903,Jun Ishikawa - Green Greens [Mekadon's Super Ability] by Fatfan Kolek,2341780,0:57,6.75,NM,95.3,22087852.0,Niderk,2021-03-24T20:29:33+00:00,4460347.0,12558.0,0.0041700620229482,8955.96,0.986061,57.0
4124896,Jun Ishikawa - Green Greens [Mekadon's Super Ability] by Fatfan Kolek,2341780,0:57,6.75,NM,94.47,22087852.0,Niderk,2021-03-24T20:29:33+00:00,4460347.0,12558.0,0.0041643440229659,8955.96,0.986061,57.0
4127092,Oomori Seiko - JUSTadICE (TV Size) [Extreme] by fieryrage,983942,1:29,8.45,HDDT,90.11,24789103.0,Cross Dressing,2021-07-19T00:50:06+00:00,5431041.0,12723.0,0.0042248526133119,8929.37,0.983904,89.0
4124539,yuikonnu - caramel heaven [Insane] by sukiNathan,297969,3:48,6.77,HDDT,95.04,11146637.0,Amogus HDDT,2017-11-11T19:52:44+00:00,6180345.0,12781.0,0.0042382927980193,8919.5,0.986714,228.0
4124700,LIQU@. - Yotogibanashi no Kamikakushi [Miryokuteki na Shijuu Kekkai] by Kyubey,236396,1:48,7.45,NM,96.36,33128459.0,pollitodeje,2023-03-17T03:35:35+00:00,3770075.0,13116.0,0.0043493817650279,8871.8,0.991668,108.0
4124660,ArsMagna - Himitsu o Choudai [Insane] by Kyubey,337700,1:29,7.0,HDDT,97.67,33128459.0,pollitodeje,2023-03-17T03:35:35+00:00,3770299.0,13116.0,0.0043493817650279,8871.8,0.991668,89.0
4126386,Foreground Eclipse - To The Terminus [Extreme] by Raijodo,2005330,3:25,6.67,NM,99.24,11838401.0,fumo,2018-03-02T20:57:27+00:00,4383636.0,13116.0,0.0043553538376325,8871.23,0.989837,205.0
4125362,Fractal Dreamers - Gardens Under A Spring Sky [Expert] by Feiri,1577406,2:17,6.99,NM,99.74,14948456.0,AziimaN,2019-08-07T09:55:57+00:00,2868727.0,13131.0,0.0043603348003928,8869.11,0.985428,137.0
4127142,BURNOUT SYNDROMES - Hikari Are (Anime Version) [Luminous] by Monstrata,531938,1:30,7.34,DT,90.74,10356530.0,[MG] Hyanna,2017-06-15T00:24:49+00:00,587855.0,983.0,0.0033590415625864,8858.31,0.995935,90.0
4125098,Vickeblanka - Black Rover (TV Size) [Froskya & killian's Extra] by killian,2401189,1:26,7.67,HDDT,92.42,34406127.0,Phan,2023-09-07T20:24:12+00:00,2697395.0,13291.0,0.0044134650698364,8847.73,0.967009,86.0
4124524,KOTOKO - Wing my Way (Game Ver.) [Tylerderp's Extra] by Log Off Now,2412924,2:10,8.54,HDDT,95.92,34013164.0,classical_,2023-07-06T22:09:53+00:00,2698397.0,13317.0,0.004416035145233,8844.32,0.983248,130.0
4126196,xi remixed by cosMo@bousouP - FREEDOM DiVE [METAL DIMENSIONS] [METAL DIMENSIONS] by Cherry Blossom,905158,3:19,7.52,NM,96.11,14289608.0,OSUchy,2019-04-16T19:46:02+00:00,4325532.0,13498.0,0.0044822023559289,8814.18,0.976115,199.0
4124802,Votch feat. Mitani Nana - Little*Summer Party [Extra] by SUISEI69,2361582,3:13,5.76,NM,99.33,7532764.0,mrbonk,2015-12-07T11:32:59+00:00,12675773.0,13505.0,0.0044783776103005,8813.83,0.990832,193.0
4125425,Altermis & takehirotei & Violet Delta - Christmas Slop [Nymphe's Ultra+] by Sotarks,2472271,1:02,7.39,NM,99.29,30034502.0,sus--cho,2022-05-21T15:08:57+00:00,4707927.0,13551.0,0.0044998017576821,8805.95,0.985211,62.0
4125077,S3RL - MTC (Different Heaven Remix) [Expert] by Sylas,914691,3:04,5.92,HD,98.96,17394418.0,kenbala,2020-06-14T13:55:28+00:00,6825710.0,13578.0,0.0045087674906507,8802.55,0.987265,184.0
4125906,DECO*27 - Rabbit Hole feat. Hatsune Miku (Cut Ver.) [Battle's Extra] by Kuki1537,2160279,1:00,6.2,HD,98.01,6375199.0,BASARA,2015-04-26T14:02:56+00:00,8139565.0,13605.0,0.0045177332236193,8798.54,0.99111,60.0
4124516,PinkPantheress - Take me home [mizto's Expert] by Sotarks,2464472,2:36,8.22,DT,95.11,13900510.0,pizzastock111,2019-02-08T00:32:58+00:00,1916244.0,13707.0,0.0045453625993624,8782.74,0.953241,156.0
4126342,Kaneko Chiharu - Nekomusume [Another] by Patchouli-R,2224781,2:17,5.59,HD,95.99,31194166.0,KK0123,2022-09-01T03:18:47+00:00,7711922.0,13725.0,0.0045575809257019,8780.91,0.988883,137.0
4123745,Fujikawa Chiai - Gomi no Hi (Short Ver.) [Na Na Na Na Na Na Na Na Na] by zvonimir,1938747,1:41,8.49,NM,90.72,25981877.0,14 Astro,2021-09-19T00:39:24+00:00,1677888.0,13823.0,0.0045838292267445,8768.25,0.979202,101.0
4125203,Marmalade butcher - Open Scar Unending [Paragon & perdition] by revoh,2471983,2:55,6.93,HD,96.88,10815893.0,volition,2017-09-09T06:16:57+00:00,6450948.0,13847.0,0.0045980927561526,8764.81,0.989172,175.0
4126567,wuk - Sidetracked Day [Maaadbot's Sidetracked Week] by sytho,2191876,0:58,7.87,NM,94.64,35297900.0,jorjss,2024-02-01T11:38:25+00:00,4816700.0,13864.0,0.004603737847281,8762.87,0.985607,58.0
4125085,Mrs. GREEN APPLE - StaRt (katagiri Remix) (Sped Up Ver.) [Emotions] by Azrealy,1738265,2:45,8.79,NM,92.78,21216765.0,hamings,2021-02-19T12:28:47+00:00,5118111.0,13954.0,0.004633623623843,8750.29,0.987375,165.0
4125618,Michael Sembello - Maniac (Nightcore & Cut Ver.) [Nymphe's Expert] by Sotarks,2464479,1:12,7.6,HDDT,96.54,13244629.0,Efi,2018-10-12T14:20:15+00:00,4032472.0,14020.0,0.0046555398599884,8742.38,0.972798,72.0
4123929,"nao feat. isui - Summer Lights [Summer, You and Me] by milkgreen",1928441,4:14,7.16,NM,98.35,20373027.0,Laurus,2021-01-14T17:45:29+00:00,2928906.0,14246.0,0.0047240997731463,8711.92,0.985351,254.0
4123911,"nao feat. isui - Summer Lights [Summer, You and Me] by milkgreen",1928441,4:14,7.16,HD,97.43,20373027.0,Laurus,2021-01-14T17:45:29+00:00,2928906.0,14246.0,0.0047240997731463,8711.92,0.985351,254.0
4123826,xi - Xeno Phantasm [mizto's Extra] by Luscent,2395055,2:07,6.49,NM,90.64,20373027.0,Laurus,2021-01-14T17:45:29+00:00,2928906.0,14246.0,0.0047240997731463,8711.92,0.985351,127.0
4124479,Terry A. Davis - Risen [Devout] by 1103,1883529,0:33,6.97,HDDTFL,97.88,12867726.0,reowl,2018-08-12T15:43:15+00:00,1223749.0,14416.0,0.0047804732787925,8687.04,0.956634,33.0
4125321,MiddleIsland - Delrio [From the River] by Dustice,133440,3:13,7.86,NM,95.13,19137524.0,Epicswag2012,2020-11-01T02:34:31+00:00,10279365.0,14506.0,0.0048169230534231,8674.96,0.986703,193.0
4125014,Silvia - Vertex Delta [DELTA] by mithew,672013,2:11,7.96,NM,90.66,19137524.0,Epicswag2012,2020-11-01T02:34:31+00:00,10279365.0,14506.0,0.0048169230534231,8674.96,0.986703,131.0
4125367,Demi Lovato - Sorry Not Sorry (Rock Ver.) (Nightcore & Cut Ver.) [Kumocha's Extra] by Smoke,2449469,2:00,7.77,DT,96.39,31110860.0,ralsii,2022-08-23T12:50:10+00:00,1643290.0,14628.0,0.0048574348838738,8657.67,0.980687,120.0
4125461,Busdriver - Imaginary Places [LKR's de_places] by Moreon,632870,2:41,8.79,NM,91.43,31110860.0,ralsii,2022-08-23T12:50:10+00:00,1643290.0,14628.0,0.0048574348838738,8657.67,0.980687,161.0
4125337,Reol - No title -10 Years Later Edition- (Cut Ver.) [Smoke's Extra] by Sotarks,2436628,1:27,8.32,DT,96.55,31110860.0,ralsii,2022-08-23T12:50:10+00:00,1643290.0,14628.0,0.0048574348838738,8657.67,0.980687,87.0
4125275,My Chemical Romance - Helena (Sped Up & Cut Ver.) [The Lives Of Everyone You Know] by DarkWarriorX,2412416,0:30,8.1,NM,95.56,31110860.0,ralsii,2022-08-23T12:50:10+00:00,1643290.0,14628.0,0.0048574348838738,8657.67,0.980687,30.0
4126647,isonosuke - Bongu (feat. Chis-A) [Insane] by Phten02,2199926,2:32,6.52,HDDT,96.63,19932256.0,D1vel,2020-12-19T21:30:41+00:00,6192156.0,14637.0,0.00486042346153,8657.22,0.983314,152.0
4125280,Marcioz - Mate Um Bonito Hoje Mesmo! [Everywhere You Go] by Hayakou,2445935,2:43,6.71,NM,97.51,24552735.0,RealRandoGuy,2021-07-09T04:47:21+00:00,1771570.0,14641.0,0.0048617517182661,8655.14,0.978973,163.0
4124889,Erika - I Don't Know (Nightcore & Cut Ver.) [Do You Know?] by Mita,2479183,0:42,7.62,DT,100.0,9324844.0,Kasuga Ayumu,2016-11-25T22:17:15+00:00,5398157.0,14664.0,0.0048627122752645,8653.0,0.990995,42.0
4127426,Kizuna AI - FUCK YOU! [Ultra] by Kawashiro,717343,1:03,7.16,NM,97.2,11496666.0,_Rk,2018-01-07T00:55:24+00:00,5626405.0,14717.0,0.0048869885962517,8644.61,0.98052,63.0
4126509,RAM - Mertvetsy [Requiem] by Mazzerin,1627456,2:49,6.45,NM,93.73,10054893.0,hahahami,2017-04-15T14:29:33+00:00,4128360.0,14798.0,0.0049138857951575,8633.79,0.976835,169.0
4124090,Eagle - Hypersonik [zhuxiaoyan's Ultra] by Ascended,1834293,2:01,6.44,SV2NF,95.49,10749547.0,ytsiwT,2017-08-28T18:36:27+00:00,6272492.0,14845.0,0.0049227334783348,8627.16,0.987281,121.0
4125823,Redside - Mainquest [ADVENTURE 245] by Feiri,2351091,2:45,6.64,SV2NF,98.2,17124682.0,Frindin,2020-05-21T09:16:44+00:00,5479691.0,14850.0,0.0049311531327267,8625.27,0.987306,165.0
4125756,Mili - Rightfully (TV Size) [Kw's Another] by Hey lululu,870328,1:29,7.53,DT,96.7,22801881.0,-RedSky-,2021-04-19T15:51:47+00:00,3467146.0,14934.0,0.0049590465241845,8615.48,0.957404,89.0
4125615,Demi Lovato - Sorry Not Sorry (Rock Ver.) (Nightcore & Cut Ver.) [Liar] by Smoke,2449469,2:00,6.6,HDHR,97.96,14048853.0,WhiteKat,2019-03-06T15:14:13+00:00,3581140.0,14973.0,0.0049719970273614,8610.26,0.991236,120.0
4125628,Demi Lovato - Sorry Not Sorry (Rock Ver.) (Nightcore & Cut Ver.) [Liar] by Smoke,2449469,2:00,6.6,HDHR,97.8,14048853.0,WhiteKat,2019-03-06T15:14:13+00:00,3581140.0,14973.0,0.0049719970273614,8610.26,0.991236,120.0
4125813,Will Stetson - Of Our Time (osu! Edit) [Reform's Painted Skies] by Sotarks,2422687,2:18,7.01,HD,98.98,14048853.0,WhiteKat,2019-03-06T15:14:13+00:00,3581140.0,14973.0,0.0049719970273614,8610.26,0.991236,138.0
4126502,xi remixed by cosMo@bousouP - FREEDOM DiVE [METAL DIMENSIONS] [Extra] by Cherry Blossom,905158,3:19,6.83,NM,98.64,8254661.0,SuWaLanPha,2016-04-14T13:17:52+00:00,3714856.0,15126.0,0.0050228028475167,8589.6,0.978991,199.0
4125951,NANKUMO - Bounce Back [145 BPM] by TerribleGamer,2073525,2:50,7.4,NM,94.6,17890673.0,Mykado le gato,2020-07-28T22:46:54+00:00,6112106.0,15208.0,0.0050500321106065,8578.22,0.981155,170.0
4126682,positive MAD-crew - Mynarco [Expert] by revoh,1253246,1:44,6.74,NM,97.22,28663011.0,Hxppy464,2022-02-06T19:33:47+00:00,4331310.0,15241.0,0.0050609902286793,8574.38,0.987156,104.0
4126417,Raimukun - Icyxis [Astronic's Extreme] by Vermasium,2255665,1:44,7.17,NM,96.65,15778198.0,undskyld,2019-12-17T10:17:14+00:00,4557075.0,15381.0,0.0051074792144424,8555.37,0.984658,104.0
4125046,Luschka - Kami no Kotoba [I rewind it towards days that will not change.] by Shifu Touka,718825,4:44,7.0,NM,95.99,32133592.0,sydexxx,2022-11-30T18:37:26+00:00,2056680.0,15522.0,0.0051543002643895,8538.43,0.988615,284.0
4125306,RYUWAVE - ROLLING PANDEMONIUM (Ata Remix) [1300-??? (Deathstream + technical streams)] by Ciyus Miapah,1254944,3:50,7.13,NM,96.64,9157643.0,ZIENARD,2016-10-21T09:52:04+00:00,9089691.0,15547.0,0.00516260186899,8536.62,0.977258,230.0
4125290,"Calliope Mori - Excuse My Rudeness, But Could You Please RIP? (7_7 Remix) [Murder] by tait",1931627,2:09,7.15,NM,90.98,9157643.0,ZIENARD,2016-10-21T09:52:04+00:00,9089691.0,15547.0,0.00516260186899,8536.62,0.977258,129.0
4125251,Timothy (Chitose Morinaga) - Michi no Timothy Kimi no Kimochi [please help] by dokitori,1613934,1:04,7.25,NM,94.35,9157643.0,ZIENARD,2016-10-21T09:52:04+00:00,9089691.0,15547.0,0.00516260186899,8536.62,0.977258,64.0
4125232,Hitoshizuku x Yama - Crazy nighT [EnD] by Jordan The Bear,1359228,3:18,8.44,NM,91.68,15165823.0,- V A R A,2019-09-11T13:00:07+00:00,3185896.0,15604.0,0.0051815295274793,8528.78,0.964682,198.0
4126794,"Various Artists - Hardtekk Jump Training [i don't even know you, but i love you.] by _aphantasia",2140158,1:08,6.2,NM,98.39,30024882.0,Valerchik77777,2022-05-20T18:50:43+00:00,3766193.0,15681.0,0.005207098469649,8519.81,0.977685,68.0
4124877,yanne feat. Hatsune Miku - Marionette no Kairaku [Manipulative] by SkyFlame,1550860,3:02,7.3,SV2NF,96.48,11469153.0,nnui-,2018-01-03T09:51:52+00:00,4330248.0,15691.0,0.0052032745711385,8518.97,0.97407,182.0
4126290,"Erabareshi - Motto, Nee Motto (TV Size) [HyperPigeon's Insane] by h6zy",2507217,0:25,7.22,HDDT,95.47,18083990.0,evltn,2020-08-13T13:08:25+00:00,4424926.0,15826.0,0.0052552477763321,8503.36,0.965253,25.0
4124917,"Hoshimachi Suisei - GHOST [I will keep Singing in the Dark, just for ''You''.] by [ TNTlealu ]",1431255,4:33,6.75,HD,98.86,24025848.0,Worcester,2021-06-12T13:43:07+00:00,3736952.0,15825.0,0.0052549157121481,8502.98,0.987165,273.0
4127316,Alex C. feat. Yasmin K. - Angel Of Darkness (Video Mix) (Nightcore Mix) [Ultra] by 239hachiman,2414736,2:46,8.03,NM,91.3,9290829.0,Kebab Salad,2016-11-18T15:09:59+00:00,7890688.0,15929.0,0.0052894503872864,8492.96,0.984278,166.0
4126367,hiroki. - Which one? [Len's Not Classic Extra] by MeAqua tete,2436581,0:54,6.62,NM,94.55,10049665.0,ckhrix,2017-04-14T15:46:08+00:00,6487687.0,16085.0,0.0053412523999938,8471.19,0.975312,54.0
4126241,Tanchiky - ENERGY SYNERGY MATRIX (Extended) [EXPERT] by Wispy,2091981,3:55,6.21,NM,93.1,10049665.0,ckhrix,2017-04-14T15:46:08+00:00,6487687.0,16085.0,0.0053412523999938,8471.19,0.975312,235.0
4125004,wuk - Sidetracked Day [shoyeu's Extra] by sytho,2191876,0:58,7.08,HDHR,99.27,35736736.0,Minimoog,2024-04-11T02:26:30+00:00,7164513.0,16102.0,0.0053468974911222,8470.43,0.97874,58.0
4126330,katagiri - Breakcore Kakumei Zen'ya [Revolution] by Astronic,2178870,2:54,7.0,NM,94.39,20380990.0,LI6ARD,2021-01-15T04:01:03+00:00,6621287.0,16126.0,0.0053548670315387,8466.25,0.98849,174.0
4124632,Laser Imouto - Prismatix [tano c enjoyer's Extra] by mizto,2294086,4:10,6.38,HD,98.12,18409333.0,ProjectWill,2020-09-06T19:23:31+00:00,2596959.0,16130.0,0.0053488508592482,8465.95,0.991015,250.0
4127207,Nor - Signal of Abydos (xi Remix) [Traces of a dream.] by arminfromhell,2154895,4:30,8.66,NM,91.3,10955397.0,SgtPlatinum,2017-10-05T17:44:55+00:00,3935109.0,16150.0,0.0053628365719553,8464.23,0.982577,270.0
4124145,Pedro Silva - Valour Against All Odds [Nightmare] by Mita,2360937,0:48,7.2,NM,99.71,18480245.0,EpicDisaster,2020-09-12T03:47:31+00:00,3858318.0,16163.0,0.0053597939515207,8463.5,0.993684,48.0
4124030,dj-Nate - Electrodynamics [Extra] by CookieBite,550998,1:22,5.66,HDHR,94.64,10640078.0,DancoreDanny,2017-08-09T19:37:08+00:00,6797156.0,16186.0,0.0053674209552258,8461.47,0.986325,82.0
4125476,xi - Aragami (Short Ver.) [Wilderness] by Fushia,2196253,1:55,8.14,NM,90.4,17801631.0,Nyouka,2020-07-21T08:57:53+00:00,5310614.0,16213.0,0.0053837566155487,8458.07,0.986765,115.0
4125294,"Camellia feat. kradness, Nanahira and yukacco - Mazare Party [toybot's Extra] by ProfessionalBox",521653,3:52,5.65,HD,93.36,20075721.0,HTGod,2020-12-28T11:28:52+00:00,849051.0,9291.0,0.0090832834735273,8441.31,0.972603,232.0
4125318,THE ORAL CIGARETTES - ReI [Cataclysm] by Sotarks,785858,1:55,6.43,HD,94.73,20075721.0,HTGod,2020-12-28T11:28:52+00:00,849051.0,9291.0,0.0090832834735273,8441.31,0.972603,115.0
4125083,DUCKBOY - my love life needs a lobotomy [JULIET'S EXTREME NEEDS A LOBOTOMY] by Parad0xa,2270785,0:40,7.14,HR,97.99,19874185.0,CANDYSHOP,2020-12-16T14:46:52+00:00,6854781.0,16425.0,0.0054541542225613,8429.71,0.990121,40.0
4125105,"Waka, Fuuri, Sunao from STAR * ANIS - Diamond Happy (TV Size) [Go! Go! Let's Go!] by Andrea",2297809,1:28,7.5,NM,97.44,19874185.0,CANDYSHOP,2020-12-16T14:46:52+00:00,6854781.0,16425.0,0.0054541542225613,8429.71,0.990121,88.0
4124399,"Guchiry feat. flower - Abnormality, Dancin' Girl [Psychopathy] by Guchiry",1549366,3:24,7.0,NM,95.5,14495024.0,TronPlayz,2019-05-18T02:53:51+00:00,7511394.0,16491.0,0.0054685616565321,8423.73,0.98422,204.0
4124088,System Of A Down - Sugar [Neurotoxicity] by Cris-,2361010,2:32,7.47,NM,93.18,18783838.0,RED40,2020-10-05T17:01:59+00:00,3925946.0,16837.0,0.0055832983209648,8384.44,0.988169,152.0
4127293,Renard - Gabberse Town [Victoire] by Silverboxer,485248,1:28,6.91,HR,93.47,20727746.0,Suzuka Nakamoto,2021-01-31T14:31:18+00:00,2785156.0,16898.0,0.0056112205816037,8376.88,0.982752,88.0
4127002,sekai - p.h. [Overdose] by Petal,1461554,2:33,6.7,HR,93.97,20727746.0,Suzuka Nakamoto,2021-01-31T14:31:18+00:00,2785156.0,16898.0,0.0056112205816037,8376.88,0.982752,153.0
4126308,Pedro Silva - Valour Against All Odds [Nightmare] by Mita,2360937,0:48,7.75,HR,97.13,20727746.0,Suzuka Nakamoto,2021-01-31T14:31:18+00:00,2785156.0,16898.0,0.0056112205816037,8376.88,0.982752,48.0
4124525,DJ Okawari - Flower Dance (Short Ver.) [Relax] by -Hanayuki-,252981,3:19,6.91,NM,99.18,14041220.0,worst hr pIayer,2019-03-05T01:29:09+00:00,6188413.0,17086.0,0.0056658689262936,8355.09,0.988456,199.0
4124542,HARU NEMURI - Trust Nothing but Love [Silverboxer's Extreme] by Ryuusei Aika,2292103,4:17,7.32,NM,97.21,14041220.0,worst hr pIayer,2019-03-05T01:29:09+00:00,6188413.0,17086.0,0.0056658689262936,8355.09,0.988456,257.0
4126038,ZUN - A Sacred Lot [Lunatic Oni] by Net0,828940,1:30,5.42,NM,97.47,17804095.0,nothing0074,2020-07-21T13:50:36+00:00,2265543.0,17244.0,0.0057261147892753,8338.34,0.991079,90.0
4124999,toby fox - Last Goodbye [Determination] by Fatfan Kolek,744772,1:51,6.79,HDHR,99.06,26374059.0,SuziQ,2021-10-08T01:28:24+00:00,7718868.0,17246.0,0.0057267789176434,8337.99,0.992895,111.0
4125394,irohaRingo feat. Hatsune Miku & Kagamine Rin - GO TO HELL! [The Correctness of Existence] by Kieost,2193509,3:37,6.82,HD,98.74,18389558.0,Kyori_,2020-09-05T11:25:49+00:00,4728091.0,17316.0,0.0057500234105249,8331.76,0.982925,217.0
4124986,System Of A Down - Vicinity Of Obscenity [Isomir's Extreme] by -Kemsyt,1841169,2:40,7.1,NM,91.1,24991953.0,ghoul534,2021-07-28T09:39:19+00:00,2762684.0,17452.0,0.0057951841395519,8318.43,0.982248,160.0
4124955,KOTOKO - Wing my Way (Game Ver.) [Path of Hope] by Log Off Now,2412924,2:10,7.2,NM,97.65,24991953.0,ghoul534,2021-07-28T09:39:19+00:00,2762684.0,17452.0,0.0057951841395519,8318.43,0.982248,130.0
4127271,9mm Parabellum Bullet - Inferno [Tragic Death Extra] by Monstrata,482090,1:29,6.84,HDHR,95.82,15576396.0,Shureulya,2019-11-17T23:38:08+00:00,6380335.0,17472.0,0.0058018254232324,8315.96,0.987615,89.0
4124665,Cady Groves - This Little Girl (Nightcore & Cut Ver.) [Don't you know?] by PikAqours,2379887,1:03,7.78,HDDT,95.26,19117127.0,Evook,2020-10-30T21:08:08+00:00,2598796.0,17887.0,0.0059314876205439,8269.77,0.97223,63.0
4124747,Avril Lavigne - What The Hell (Sped Up & Cut Ver.) [PikA's Expert] by Froskya,1309426,1:20,7.0,HDDT,99.09,19117127.0,Evook,2020-10-30T21:08:08+00:00,2598796.0,17887.0,0.0059314876205439,8269.77,0.97223,80.0
4124544,Jeff Williams feat. Casey Lee Williams - Time to Say Goodbye (TV Size) [Plasma's Extreme] by My Angel Ram,2285243,0:51,7.24,NM,95.04,19117127.0,Evook,2020-10-30T21:08:08+00:00,2598796.0,17887.0,0.0059314876205439,8269.77,0.97223,51.0
4124240,Laser Imouto - Prismatix [Angelic Beauty] by mizto,2294086,4:09,7.62,NM,97.09,8731762.0,bigdiker,2016-07-20T21:16:35+00:00,2601135.0,17895.0,0.0059341404913979,8269.36,0.982237,249.0
4124401,Drop - Granat [Irre's Extra] by Kaguya Hourain,219763,0:41,6.75,DT,96.3,14671033.0,izuma,2019-06-16T09:08:45+00:00,7943265.0,17933.0,0.005946741627954,8265.57,0.982295,41.0
4124754,Porter Robinson - Get Your Wish (Sewerslvt Remix) [browiec's dreamy extreme] by Daycore,2156281,3:57,6.65,NF,93.1,8972372.0,gUn_d0N[i]o2007,2016-09-09T12:00:48+00:00,9073287.0,18139.0,0.0060150530524429,8241.39,0.988279,237.0
4126272,irohaRingo feat. flower - Why I hate you [Galaxy's Extra] by Ryuusei Aika,2263303,1:41,5.76,NM,97.03,10295203.0,MiwMiu,2017-06-02T15:31:13+00:00,6126770.0,18316.0,0.0060820875945469,8221.33,0.97936,101.0
4125351,Michael Sembello - Maniac (Nightcore & Cut Ver.) [Kuki's Expert] by Sotarks,2464479,1:12,7.27,HDDT,95.32,28300794.0,Jompqa,2022-01-17T04:53:39+00:00,5125960.0,18422.0,0.0061172863980533,8212.34,0.936488,72.0
4124954,tn-shi - Synthesis. [.Transcendence (Drop)] by Arushii,2088830,3:47,5.72,HD,98.03,26131645.0,pancakespk,2021-09-26T02:01:38+00:00,13668140.0,18424.0,0.0061179505264213,8212.02,0.990153,227.0
4127020,goreshit - when the cicadas cry [obsessed] by riot1133,1839749,3:56,6.68,NM,98.09,28841460.0,betray,2022-02-17T21:14:45+00:00,2255430.0,18453.0,0.0061275803877579,8207.43,0.981536,236.0
4127416,Various Artists - Jump Pack 2 [666 Flags] by scarlet,2436351,0:25,7.92,HR,95.87,28841460.0,betray,2022-02-17T21:14:45+00:00,2255430.0,18453.0,0.0061275803877579,8207.43,0.981536,25.0
4127128,Various Artists - Jump Pack 2 [666 Flags] by scarlet,2436351,0:25,7.5,NM,98.45,28841460.0,betray,2022-02-17T21:14:45+00:00,2255430.0,18453.0,0.0061275803877579,8207.43,0.981536,25.0
4124361,Erika - I Don't Know (Nightcore & Cut Ver.) [PikA's Extra] by Mita,2479183,0:42,7.45,DT,97.9,19401361.0,Vaxiei,2020-11-17T14:22:42+00:00,4277818.0,18613.0,0.0061722356505386,8189.96,0.980389,42.0
4124437,Various Artists - Hardtekk Jump Training [Don't You Know That?] by _aphantasia,2140158,0:37,7.09,DT,98.51,19401361.0,Vaxiei,2020-11-17T14:22:42+00:00,4277818.0,18613.0,0.0061722356505386,8189.96,0.980389,37.0
4125409,ZAQ - Minor Piece [Amateurre's Manipulation] by Petal,2147857,3:06,6.66,NM,95.37,11506206.0,ImTK,2018-01-08T11:17:43+00:00,4021365.0,18791.0,0.0062398180819574,8169.68,0.9911,186.0
4124761,hiroki. - Which one? [Len's Not Classic Extra] by MeAqua tete,2436581,0:54,6.62,HD,98.9,12914832.0,Sviblow,2018-08-18T13:35:18+00:00,8241308.0,18847.0,0.0062498321230162,8163.05,0.988582,54.0
4124907,Porcelain Black - Pretty Little Psycho (Nightcore & Cut Ver.) [Misery] by Mita,2390209,0:53,8.04,HDDT,93.83,11859869.0,Bread],2018-03-06T12:48:56+00:00,1925687.0,18936.0,0.0062879673886406,8153.6,0.967201,53.0
4124899,Erika - I Don't Know (Nightcore & Cut Ver.) [Do You Know?] by Mita,2479183,0:42,7.62,HDDT,94.05,11859869.0,Bread],2018-03-06T12:48:56+00:00,1925687.0,18936.0,0.0062793453112663,8153.6,0.967201,42.0
4125948,"qqPues, DJ Raulipues - Analog Horror Funk (Cut Ver.) [scarlet's vai toma dormindo] by dawiqq",2439831,0:29,7.52,NM,98.33,28240648.0,Anther L,2022-01-13T18:52:32+00:00,2990804.0,19037.0,0.0063215058712268,8143.82,0.99277,29.0
4124893,Yasuno Kiyono - Rocket Beat (TV Size) [Ram's Extra] by HonigFNA,2361481,1:26,7.71,HDDT,94.08,33582763.0,Terran,2023-05-04T13:34:27+00:00,5764888.0,19087.0,0.0063294182486343,8139.24,0.969076,86.0
4124626,ALiCE'S EMOTiON - Dark Flight Dreamer [ikaenia mode] by uragirarete,2226373,3:08,6.93,NM,93.32,10233705.0,-Zeraora-,2017-05-20T19:05:37+00:00,1418689.0,19205.0,0.0063685480937299,8127.1,0.984274,188.0
4126596,OBKATIEKAT - ROLLING GIRL (feat. Evil Neuro) [Log Off Now's Endless Dream] by Sayuka,2221577,3:06,7.08,NM,97.66,32903359.0,mollyandciroc,2023-02-22T12:13:27+00:00,2455919.0,19335.0,0.0064204609980653,8117.01,0.990314,186.0
4125750,Oomori Seiko - JUSTadICE (TV Size) [Extreme] by fieryrage,983942,1:29,8.45,DT,93.45,11820264.0,Klinkas 10,2018-02-27T15:42:48+00:00,2946790.0,19352.0,0.0064261060891937,8115.97,0.961882,89.0
4124790,-45 - BGT-No.14 [Insane] by dogeosu,2486408,1:34,6.6,DT,95.37,24534724.0,cryogon,2021-07-08T11:04:44+00:00,5041461.0,19514.0,0.0064710152304631,8099.56,0.980518,94.0
4126910,Telekinesis - The Monk [Technique Of Shadow] by FCL,381529,2:13,7.46,NFDT,90.63,7185092.0,AyRy,2015-10-04T16:51:27+00:00,4675087.0,19788.0,0.0065708860734273,8069.85,0.970213,133.0
4127183,PSY - Gentleman (Cut Ver.) [Gangsta] by gwb,2322094,2:07,8.18,NM,94.4,7185092.0,AyRy,2015-10-04T16:51:27+00:00,4675087.0,19788.0,0.0065708860734273,8069.85,0.970213,127.0
4126080,Yousei Teikoku - Zetsubou plantation (Cut Ver.) [Fuxi's Expert] by kolman,2250663,1:42,7.99,HDNC,96.09,18269931.0,Kukieezii,2020-08-27T12:59:25+00:00,5447322.0,19990.0,0.0066379630385998,8051.14,0.961595,102.0
4125740,Erika - I Don't Know (Nightcore & Cut Ver.) [Kumocha's Extra] by Mita,2479183,0:42,7.3,HDNC,96.97,18269931.0,Kukieezii,2020-08-27T12:59:25+00:00,5447322.0,19990.0,0.0066379630385998,8051.14,0.961595,42.0
4125045,Sasuke Haraguchi feat. Kasane Teto - HITO Mania [3333] by Beige,2070848,1:56,6.26,NM,93.19,19813440.0,Karan,2020-12-12T19:46:52+00:00,3339474.0,20089.0,0.0066708373928179,8039.75,0.987094,116.0
4127379,flowerovlove - erase u (sped up & cut ver.) [PikA's Extra] by riot1133,2294787,1:23,6.95,HR,99.46,19813440.0,Karan,2020-12-12T19:46:52+00:00,3339474.0,20089.0,0.0066708373928179,8039.75,0.987094,83.0
4124067,Primary - in the Garden (Cut Ver.) [Blossom] by Fushia,2274129,1:48,7.27,NM,96.13,37091194.0,piiid,2024-12-06T01:41:29+00:00,1523481.0,20116.0,0.0066706437622218,8037.66,0.96722,108.0
4124253,F-777 - Airborne Robots [Drop's Extra] by CookieBite,632505,1:33,8.37,TDDT,92.24,17465623.0,yandax,2020-06-20T20:44:45+00:00,4502728.0,20176.0,0.0066905402936263,8031.06,0.975714,93.0
4123974,Makou - Hamsin [First Action Cross of the BLOOD] by yun,2235444,2:14,6.82,HD,94.52,10769690.0,Kidame,2017-09-01T00:45:31+00:00,10368025.0,20212.0,0.006702478212469,8027.16,0.97269,134.0
4126230,chelmico - Easy Breezy (TV Size) [Dash's Insane] by hypercyte,1095606,1:28,7.47,DT,93.56,14474015.0,breakingcore,2019-05-14T20:22:30+00:00,5356960.0,20268.0,0.0067302768817579,8021.9,0.989446,88.0
4126705,Tanaka Hirokazu - C-TYPE [Bonsai's BasS-TYPE] by Arf,757146,0:38,8.09,DT,96.5,8402350.0,Bernd Das Brot,2016-05-14T20:12:57+00:00,4905922.0,20436.0,0.0067860636646736,8002.83,0.989362,38.0
4126645,System Of A Down - Vicinity Of Obscenity [Apollo's Impossible Expert] by -Kemsyt,1841169,2:40,6.31,NM,90.44,8402350.0,Bernd Das Brot,2016-05-14T20:12:57+00:00,4905922.0,20436.0,0.0067860636646736,8002.83,0.989362,160.0
4124409,kessoku band - Ano Band (TV Size) [Expert Band] by Mahiru Shiina,1905695,1:24,5.82,NM,97.93,20885241.0,martindp,2021-02-07T05:24:21+00:00,3504411.0,20478.0,0.0067906861683624,7999.63,0.977052,84.0
4126708,Kommisar - AKARI BEAM CANNON LAST BOSS [MEGAFAN'S MASTER] by Serenhaide,2095159,2:45,7.28,NM,97.78,12984470.0,qzaria,2018-08-28T04:59:31+00:00,6995323.0,20553.0,0.0068249151742041,7991.59,0.976995,165.0
4125736,Hoshi Syoko (CV: Matsuda Satsumi) - Zettai Tokken Shuchou Shimasu! Hoshi Syoko Solo Remix (Cut Ver.) [Kuki's Privilege!] by Remilie,2241059,1:20,6.71,NM,99.39,36567517.0,Amur_,2024-08-23T19:26:26+00:00,2374126.0,20726.0,0.0068823622780399,7974.67,0.986509,80.0
4127268,Robbie Williams - Candy (Cut Ver.) [gwb's Confectionary Extra] by mizto,2353973,0:58,8.36,HDDT,92.85,36687057.0,n0ught,2024-09-14T10:49:31+00:00,1842873.0,20748.0,0.0068896676900884,7973.25,0.975946,58.0
4127319,"Bridgit Mendler, Adam Hicks, Naomi Scott and Hayley Kiyoko - Determinate (Nightcore & Cut Ver.) [Reform's Expert] by My Angel Ram",2425417,1:14,7.47,HDDT,99.12,36687057.0,n0ught,2024-09-14T10:49:31+00:00,1842873.0,20748.0,0.0068896676900884,7973.25,0.975946,74.0
4127164,ryo (supercell) feat. chelly - Great Distance (Sped Up Ver.) [Arles] by lahphnya,403962,4:00,7.99,NM,95.04,20638747.0,RinchikHD,2021-01-27T18:49:48+00:00,1873836.0,20907.0,0.0069424658953479,7957.26,0.978625,240.0
4125037,Artemas - i like the way you kiss me (Nightcore & Cut Ver.) [hamedori extra] by Kumocha,2477044,1:09,7.74,HDDT,96.07,28050536.0,Cerysic,2022-01-02T11:47:50+00:00,1530104.0,21105.0,0.0070082146037843,7938.82,0.979221,69.0
4126606,overtonight - mirrors demo [ringing^3] by strawbewwiii,2506818,1:44,6.12,NM,97.04,34185500.0,UnderWeek,2023-08-02T12:58:58+00:00,2020787.0,21263.0,0.0070606807448598,7921.17,0.975997,104.0
4125450,Horie Yui - True truly love [Kumocha's Extra] by Kyutei,2336840,3:41,8.1,HDDT,93.96,34908111.0,quivotick,2023-12-03T12:17:54+00:00,2434595.0,21330.0,0.0070829290451892,7913.8,0.971807,221.0
4126611,Various artists - MONTAGEM BATIDA X MONTAGEM DIRECAO X MONTAGEM RUGADA HARDSTYLE [MONTAGEM COLLAB] by koboe,2448522,3:03,8.16,NM,94.82,18995919.0,Dracoz,2020-10-22T20:06:02+00:00,4677531.0,21337.0,0.0070852534944774,7913.6,0.98521,183.0
4125194,ONE OK ROCK - Start Again (Cut Ver.) [Kuki's Expert] by ONE OK ROCK,2296940,1:06,7.09,HDNC,96.49,23870096.0,LeafLeave,2021-06-04T13:15:43+00:00,2698061.0,21533.0,0.0071503380745457,7895.75,0.978704,66.0
4126293,Panda Eyes - ILY [Fanteer's Final Level] by M a r v o l l o,653534,1:36,7.02,NM,100.0,18241484.0,Zeli,2020-08-25T12:04:12+00:00,999978.0,21652.0,0.0071898537124443,7884.84,0.988053,96.0
4126359,Foreground Eclipse - To The Terminus [Extreme] by Raijodo,2005330,3:25,6.67,NM,99.17,18241484.0,Zeli,2020-08-25T12:04:12+00:00,999978.0,21652.0,0.0071898537124443,7884.84,0.988053,205.0
4124485,xi - Ascension to Heaven [FINAL DIMENSION] by -Tynamo,968656,2:35,6.74,NM,97.37,30133747.0,-Kody-,2022-05-30T04:13:43+00:00,2703769.0,21768.0,0.0072184615935596,7873.09,0.982591,155.0
4124646,xi - over the top [uri's extra] by -Tynamo,2072719,1:55,6.38,HR,97.93,30133747.0,-Kody-,2022-05-30T04:13:43+00:00,2703714.0,21768.0,0.0072184615935596,7873.09,0.982591,115.0
4126535,Jessica Baio - bad times (sped up & cut ver.) [kumocha's expert] by Maiev,2446228,1:06,7.42,HDHRDT,94.39,12956560.0,Kylex,2018-08-24T10:55:58+00:00,1180143.0,22334.0,0.0074163214859473,7822.71,0.948507,66.0
4126089,tofubeats - CANDYYYLAND feat. LIZ (Pa's Lam System Remix) [winber1's Extra] by ProfessionalBox,663519,3:36,6.91,NM,91.48,11278761.0,saido39,2017-12-04T11:22:46+00:00,8414855.0,22353.0,0.0074226307054437,7821.11,0.98935,216.0
4125574,Umeboshi Chazuke - Owari to Hajimari no Oto [New Beginning!] by Yoshimaro,790045,2:18,7.13,HD,96.83,21713253.0,Puni7na,2021-03-11T03:32:17+00:00,4987165.0,22406.0,0.0074402301071969,7817.07,0.988404,138.0
4125427,xi - Blue Zenith [FOUR DIMENSIONS] by Asphyxia,292301,4:09,7.23,HD,90.52,21713253.0,Puni7na,2021-03-11T03:32:17+00:00,4987165.0,22406.0,0.0074402301071969,7817.07,0.988404,249.0
4127424,PassCode - Ray (TV Size) [Nakazawa's Extra] by SupaV,1852365,1:27,5.77,NM,96.34,21949849.0,NubeX,2021-03-20T10:08:20+00:00,4103152.0,22695.0,0.0075361966563793,7789.38,0.99019,87.0
4127402,Pmarusama. - S'il vous President [nika mika's emoji Extreme] by TtmnZk,1763440,3:06,5.67,NM,96.64,21949849.0,NubeX,2021-03-20T10:08:20+00:00,4103152.0,22695.0,0.0075361966563793,7789.38,0.99019,186.0
4127329,chelmico - Easy Breezy [Easy Peasy] by melleganol,1863225,3:16,5.77,HD,96.63,21949849.0,NubeX,2021-03-20T10:08:20+00:00,4103152.0,22695.0,0.0075361966563793,7789.38,0.99019,196.0
4127374,Mitsukiyo - Unwelcome School [Flame Haze's Extra] by Fu Xuan,2120192,2:01,5.85,HD,95.76,21949849.0,NubeX,2021-03-20T10:08:20+00:00,4103152.0,22695.0,0.0075361966563793,7789.38,0.99019,121.0
4125956,renforshort - hate the way you love me (nightcore & cut ver.) [kuki's expert] by Mimari,2463664,1:04,7.08,HDDT,98.77,33591621.0,MilEgo,2023-05-05T18:10:11+00:00,2701401.0,23048.0,0.007653415313339,7760.01,0.958903,64.0
4125931,renforshort - hate the way you love me (nightcore & cut ver.) [kumocha's extra] by Mimari,2463664,1:04,7.44,HDDT,98.48,33591621.0,MilEgo,2023-05-05T18:10:11+00:00,2701401.0,23048.0,0.007653415313339,7760.01,0.958903,64.0
4126499,ONE OK ROCK - Start Again (Cut Ver.) [Kuki's Expert] by ONE OK ROCK,2296940,1:06,7.09,HDDT,99.36,11549333.0,Schifterr,2018-01-14T20:59:09+00:00,3332552.0,23118.0,0.0076766598062206,7753.54,0.980342,66.0
4126455,Saint Snow - DROPOUT!? [Reform's Insane] by Sotarks,1115534,1:45,7.17,NFHDDT,96.67,11549333.0,Schifterr,2018-01-14T20:59:09+00:00,3332552.0,23118.0,0.0076766598062206,7753.54,0.980342,105.0
4124263,F-777 - Airborne Robots [Drop's Extra] by CookieBite,632505,1:33,6.38,NM,100.0,5590317.0,7ambda,2015-01-11T22:30:59+00:00,8973438.0,23195.0,0.0076916674321304,7747.36,0.986113,93.0
4124038,The Beaches - Blame Brett (Sped Up & Cut Ver.) [Mita's Extra] by Sapl,2413378,1:30,6.98,HDDT,97.85,22314593.0,- Cryo,2021-03-31T20:17:19+00:00,2476855.0,23229.0,0.0077029421332596,7743.47,0.976134,90.0
4123789,Dev - Monster (Sped Up & Cut Ver.) [Prescription] by HonigFNA,2480863,0:40,7.96,HDDT,92.68,26237136.0,ALAJIL,2021-10-01T09:30:17+00:00,2286073.0,23483.0,0.0077871707828721,7723.94,0.953889,40.0
4125592,Michael Sembello - Maniac (Nightcore & Cut Ver.) [Ram's Extra] by Sotarks,2464479,1:12,8.09,HDDT,94.15,13966365.0,Eaton,2019-02-19T12:26:49+00:00,4754546.0,23537.0,0.0078157946993258,7718.94,0.985844,72.0
4126022,Project Gabbangelion - Lolit Speed (Cut Ver.) [crack collab] by alden,1610082,2:39,6.65,NM,95.25,10455147.0,T0pka,2017-07-04T18:05:47+00:00,3540251.0,23863.0,0.007924047623317,7692.48,0.979065,159.0
4125827,Morimori atsushi - PURE SCARY [Perfect Mind Control] by Mimiliaa,1972669,3:07,7.2,NM,94.98,10455147.0,T0pka,2017-07-04T18:05:47+00:00,3540251.0,23863.0,0.007924047623317,7692.48,0.979065,187.0
4123755,EBIMAYO - GOODBOUNCE [TIME IS OVER (2021 Remap)] by NyarkoO,647615,2:09,6.65,NM,92.86,24070903.0,Iwbag,2021-06-14T22:36:08+00:00,4744740.0,23883.0,0.0079198143255689,7691.82,0.919753,129.0
4123874,DJ Sharpnel - Gate Openerz [SRPC-0190] by CosmicWolf,1435435,4:30,6.39,NM,92.57,24070903.0,Iwbag,2021-06-14T22:36:08+00:00,4744740.0,23883.0,0.0079198143255689,7691.82,0.919753,270.0
4123930,Official HIGE DANdism - Bad for me (Dz'Xa's Amenpunk) [HE WILL] by Seamob,1392496,3:08,7.77,NM,90.41,24070903.0,Iwbag,2021-06-14T22:36:08+00:00,4744740.0,23883.0,0.0079198143255689,7691.82,0.919753,188.0
4126405,Ke$ha - Backstabber (Sped Up & Cut Ver.) [Kumocha's Expert] by payney,2288193,1:05,6.95,HDDT,97.27,20983380.0,Ho Lee Sheet,2021-02-11T00:32:21+00:00,5291103.0,23894.0,0.0079343416130216,7689.91,0.985615,65.0
4126331,Kanon Wakeshima - Love your enemies [Extra] by Delis,419765,4:03,5.67,HD,99.6,17163162.0,Soroic,2020-05-24T23:17:15+00:00,8242379.0,23933.0,0.0079472921161985,7687.62,0.992337,243.0
4125744,KANKAN x Hiiragi Kirai - All Fool [quantumvortex's Delusional Ultra] by GranDSenpai,1804676,3:15,7.7,NM,92.37,26096180.0,neforvkletke,2021-09-24T18:25:53+00:00,2028135.0,24023.0,0.0079771778927605,7679.93,0.980765,195.0
4126693,Demi Lovato - Sorry Not Sorry (Rock Ver.) (Nightcore & Cut Ver.) [Kumocha's Extra] by Smoke,2449469,2:00,7.77,HDDT,91.74,17365419.0,Broken_Flames,2020-06-11T21:31:52+00:00,3928585.0,24242.0,0.0080498999490613,7661.34,0.987202,120.0
4124490,Jea - Hyper Highspeed Star [BPM210 Highspeed Stream] by aspen,2356859,3:43,6.66,NM,95.32,14741282.0,Cyrius,2019-06-29T00:50:04+00:00,3692763.0,24303.0,0.0080590900454005,7656.43,0.979461,223.0
4124853,Manticora - Humiliation Supreme [Extreme] by Urition,2364885,2:32,6.65,NM,97.7,22520260.0,1lyas1k3,2021-04-08T13:06:10+00:00,225919.0,24504.0,0.0081257434256057,7643.25,0.977427,152.0
4125880,ALiCE'S EMOTiON - Dark Flight Dreamer [Last Spell] by Natsu,334469,3:09,6.65,HR,98.88,29268664.0,SaF1kk,2022-03-20T14:55:51+00:00,3057920.0,24644.0,0.0081833897510381,7632.66,0.986745,189.0
4126189,FELT - New World [Illusion] by Natsu,407175,4:01,6.95,HR,98.57,29268664.0,SaF1kk,2022-03-20T14:55:51+00:00,3057920.0,24644.0,0.0081833897510381,7632.66,0.986745,241.0
4124313,Syaro (CV: Uchida Maaya) - Caffeine Fighter [Kumocha's Kilimanjaro] by Yuuma,2343664,4:25,6.79,HDDT,98.91,12453783.0,angel1607,2018-06-11T17:41:27+00:00,2436679.0,24737.0,0.0082030082892265,7625.54,0.984322,265.0
4124994,Jessica Baio - bad times (sped up & cut ver.) [kumocha's expert] by Maiev,2446228,1:06,7.05,HDDT,97.54,17778028.0,JPlebeian,2020-07-19T06:57:47+00:00,2624097.0,24823.0,0.0082428292399781,7619.93,0.9884,66.0
4127025,kent - Stanna Hos Mig [Sinnessjuk] by HFIG,2389579,3:50,6.0,DT,93.41,14490030.0,jeg er mongo,2019-05-17T12:43:05+00:00,3841944.0,24888.0,0.0082644134119395,7614.1,0.987379,230.0
4125782,Dysmn - Die Screaming [I don't feel anything anymore] by YeLing,2422624,2:13,6.71,NM,90.45,17192401.0,Eden-,2020-05-27T15:34:31+00:00,2690326.0,24902.0,0.0082690623105158,7612.98,0.974104,133.0
4125833,Yamamoto Mineko - Rinne [Terminus] by Dored,948133,1:45,5.8,NM,100.0,30102106.0,sami dz,2022-05-27T19:20:50+00:00,3253871.0,25106.0,0.0083368034040563,7598.14,0.99246,105.0
4126199,lumious2 - clarity rmx (hayakou bootleg) (cut ver.) [quantumvortex's ultra] by azumiw,2448427,0:41,7.11,NM,99.16,30102106.0,sami dz,2022-05-27T19:20:50+00:00,3253510.0,25103.0,0.0083358072115042,7598.14,0.99246,41.0
4126056,lumious2 - clarity rmx (hayakou bootleg) (cut ver.) [kowari's extra] by azumiw,2448427,0:41,6.64,NM,96.6,30102106.0,sami dz,2022-05-27T19:20:50+00:00,3253666.0,25106.0,0.0083368034040563,7598.14,0.99246,41.0
4126067,lumious2 - clarity rmx (hayakou bootleg) (cut ver.) [quantumvortex's ultra] by azumiw,2448427,0:41,7.11,NM,98.74,30102106.0,sami dz,2022-05-27T19:20:50+00:00,3253576.0,25103.0,0.0083358072115042,7598.14,0.99246,41.0
4124543,Aziya - bbydoll (nightcore & cut ver.) [love me] by riot1133,2374386,0:57,7.11,NM,99.45,2074459.0,Solitude,2012-11-10T19:32:42+00:00,4243024.0,25292.0,0.0083870512047183,7583.83,0.990191,57.0
4125237,Mitsukiyo - Constant Moderato [Expert] by araran,1640689,2:01,5.4,HD,96.25,28415860.0,Ampire,2022-01-23T15:08:58+00:00,4532911.0,25444.0,0.0084490410982558,7572.94,0.989214,121.0
4124365,"Bridgit Mendler, Adam Hicks, Naomi Scott and Hayley Kiyoko - Determinate (Nightcore & Cut Ver.) [Fearless Rockstar] by My Angel Ram",2425417,1:14,8.15,HDNC,95.96,35409195.0,D3EB3Y,2024-02-19T01:26:47+00:00,1043749.0,25512.0,0.0084600051532016,7567.41,0.968073,74.0
4125158,Akina - Cat Loving [I'm the Only One That Can Endure Your Love] by Amia,1698928,1:54,5.1,NM,99.87,27359265.0,Vlaadi,2021-11-23T05:04:38+00:00,3198899.0,25588.0,0.0084968583407549,7561.97,0.989833,114.0
4126425,Official HIGE DANdism - Bad for me (Dz'Xa's Amenpunk) [HE WILL] by Seamob,1392496,3:08,7.77,NM,96.62,32425570.0,POXLEperson,2023-01-02T02:04:31+00:00,4320106.0,25906.0,0.0086024547512739,7540.81,0.96977,188.0
4126030,Various Artists - FINGER CONTROL MEGAPACK [katagiri - STRONG 280 (LVL2)] by Silverboxer,1755214,4:14,7.09,NM,91.97,21940094.0,Fuburin,2021-03-20T00:00:56+00:00,1401304.0,13075.0,0.0127826855469131,7532.59,0.960081,254.0
4125220,Drop - Granat [Granat] by -Keitaro,2190631,0:42,6.07,HD,96.49,16136243.0,AmkBakaChiii,2020-02-06T12:27:36+00:00,4791396.0,26031.0,0.0086439627742767,7531.92,0.986241,42.0
4127396,Apocalyptica - Hall of the Mountain King [Insane] by pishifat,219813,2:19,7.13,HDDT,95.28,26350897.0,uwqr,2021-10-06T20:05:58+00:00,3148846.0,26399.0,0.0087661623939968,7504.66,0.975499,139.0
4126016,renforshort - hate the way you love me (nightcore & cut ver.) [visionary's another] by Mimari,2463664,1:04,7.11,HDDT,96.58,26256928.0,Pikamee_,2021-10-02T04:57:20+00:00,7087450.0,26438.0,0.0087791128971736,7502.47,0.981675,64.0
4124547,Kalafina x The Prodigy - No Good Magia (Start the Witch) [Insane] by Okoratu,988552,4:03,5.61,HDDT,99.89,14152629.0,Vanderc,2019-03-24T09:13:53+00:00,8912317.0,26639.0,0.0088337283347498,7488.55,0.987749,243.0
4125700,sidenerds - mazaru [kumocha's insane] by Sotarks,2490439,3:58,6.66,HDDT,98.37,21263339.0,DBST_OSU,2021-02-21T03:11:59+00:00,2470080.0,27014.0,0.0089703818671703,7463.44,0.981862,238.0
4125721,sidenerds - mazaru [kumocha's insane] by Sotarks,2490439,3:58,6.66,HDDT,98.03,21263339.0,DBST_OSU,2021-02-21T03:11:59+00:00,2470080.0,27014.0,0.0089703818671703,7463.44,0.981862,238.0
4124918,Hazuki - Legend of Millennium [Xexxar's Best... Succubus?!] by Syph,785703,1:41,8.03,HR,91.99,20999837.0,chica gamer,2021-02-11T17:12:48+00:00,6956168.0,27100.0,0.0089989393869962,7458.18,0.975481,101.0
4125632,Dimrain47 - At the Speed of Light [Boombox's Bloodlust] by Amefystol,2399376,4:03,6.55,NM,94.83,23673665.0,CutePati,2021-05-26T12:59:38+00:00,6649026.0,27116.0,0.0090042524139405,7457.21,0.989814,243.0
4127306,Cady Groves - This Little Girl (Nightcore & Cut Ver.) [Don't you know?] by PikAqours,2379887,1:03,7.78,HDDT,91.0,25303853.0,Tepipan,2021-08-12T21:33:44+00:00,4581509.0,27258.0,0.0090514055280717,7448.96,0.980916,63.0
4126488,Chroma - sink to the deep sea world [EX] by None1637,779495,3:48,8.42,NM,90.4,33651677.0,Twinfantasy,2023-05-13T17:48:40+00:00,2032163.0,27357.0,0.0090842798822898,7440.07,0.966822,228.0
4127429,Various Artists - Phonk Jump Pack [SEMPERO] by Zazou147,2416454,1:28,7.65,NM,91.79,22279016.0,misaali,2021-03-30T17:05:19+00:00,4157787.0,27513.0,0.0091360818949973,7428.71,0.985087,88.0
4125025,Umeboshi Chazuke - Wakare no Namida wa Mata Au Hi made [Hard] by Azzedd,830444,3:23,5.36,HDDT,99.58,16346970.0,anhnhatbui,2020-03-07T07:20:23+00:00,4115782.0,27574.0,0.0091563378102226,7424.21,0.978326,203.0
4124333,Yousei Teikoku - Hades: The rise [Hardest] by Delis,662526,4:21,7.34,NM,94.99,13806628.0,k0be,2019-01-21T18:50:50+00:00,368780.0,27583.0,0.0091467670955142,7423.44,0.968908,261.0
4126169,Babe - Oh My Little Baby Boy (Cut Ver.) [My Toy] by scarlet,2339332,0:45,8.02,NM,91.83,13530423.0,Kusu,2018-12-04T20:10:07+00:00,5555091.0,27824.0,0.0092393538562281,7408.61,0.92898,45.0
4127283,tokken - tokken [tokken] by KomachiAngel,853935,1:14,6.75,NM,99.28,28285968.0,deridray,2022-01-16T08:15:27+00:00,3049479.0,28017.0,0.0093034422437444,7396.38,0.983782,74.0
4124504,"NateWantsToBattle - Chug Jug With You, but i can't anymore [Kuki's Extra] by Smoke",1464487,0:50,6.79,HR,99.39,5593507.0,mighty boob,2015-01-12T07:44:41+00:00,10798909.0,28267.0,0.0093735875535258,7380.61,0.988266,50.0
4127087,Leah Kate - Life Sux (Sped Up Ver.) [Mommy Sucks] by Log Off Now,1905234,2:33,6.27,NM,95.98,16609643.0,Kiwette,2020-04-04T15:22:27+00:00,2660619.0,28277.0,0.0093897789315901,7379.41,0.988349,153.0
4127227,ONE OK ROCK - American Girls (Juztan Remix) [Extreme] by Tylerderp,2352698,0:44,7.1,HR,98.21,16609643.0,[Kiwi],2020-04-04T15:22:27+00:00,2660619.0,28277.0,0.0093897789315901,7379.41,0.988349,44.0
4126139,Silentroom - Protoflicker [Master] by DeRandom Otaku,1016347,2:47,6.92,HR,93.63,10768189.0,CaveKnight,2017-08-31T18:45:13+00:00,1451275.0,28461.0,0.0094508787414501,7368.16,0.937908,167.0
4126305,"Yorushika - Hachigatsu, Bou, Tsukiakari [If My Life Could End At 27, Rock and Roll Would Save Me] by Anemone-",1961449,4:32,6.72,NM,98.79,16722462.0,sick of Osu,2020-04-14T06:01:18+00:00,4197453.0,28782.0,0.0095574713445212,7347.56,0.994018,272.0
4124806,AngelMaker - A Dark Omen [LMT's Extra] by Kyu96,761026,3:47,6.5,NM,95.47,28867191.0,hase,2022-02-19T11:12:28+00:00,3530079.0,28828.0,0.009559620122158,7345.21,0.983575,227.0
4126905,Michael Sembello - Maniac (Nightcore & Cut Ver.) [Fiery's Extreme] by Sotarks,2464479,1:12,7.01,HR,90.1,19626052.0,SerniGrief,2020-12-01T12:51:20+00:00,2829696.0,28880.0,0.0095900136345553,7342.69,0.987274,72.0
4126117,lumious2 - clarity rmx (hayakou bootleg) (cut ver.) [chasing relentlessly] by azumiw,2448427,0:41,7.46,NM,95.04,19626052.0,SerniGrief,2020-12-01T12:51:20+00:00,2829696.0,28880.0,0.0095900136345553,7342.69,0.987274,41.0
4126990,Michael Sembello - Maniac (Nightcore & Cut Ver.) [Fiery's Extreme] by Sotarks,2464479,1:12,7.01,HR,94.81,19626052.0,SerniGrief,2020-12-01T12:51:20+00:00,2829696.0,28880.0,0.0095900136345553,7342.69,0.987274,72.0
4126675,Cansol - Out of Place [bob's Expert] by Wispy,2475329,4:14,6.86,NM,90.81,21284669.0,MoonChip,2021-02-21T22:16:39+00:00,3078529.0,28943.0,0.0096109336781487,7339.38,0.959184,254.0
4124332,"Tomita Miyu, Onishi Saori, Ohzora Naomi, Hanazawa Kana - Hallelujah*Essaim [Kalibe's Insane] by Doormat",559248,1:29,6.77,DT,94.64,34263657.0,slep,2023-08-14T17:36:13+00:00,5382873.0,29300.0,0.0097161395025402,7317.06,0.976939,89.0
4124668,Aharen Reina (CV: Inori Minase) - AHAREN HEART (TV Size) [Insane] by Andrea,1746540,1:28,5.95,DT,97.67,34263657.0,slep,2023-08-14T17:36:13+00:00,5382873.0,29300.0,0.0097161395025402,7317.06,0.976939,88.0
4127359,MIMiNARI - Nemurenai feat. Kusunoki Tomori (TV Size) [zzz...] by Tenma Saki,2258388,1:26,5.49,DT,97.97,34263657.0,slep,2023-08-14T17:36:13+00:00,5382873.0,29300.0,0.0097294805918446,7317.06,0.976939,86.0
4127194,Twilight Force - Dawn of the Dragonstar [Werhakon's Extreme] by nebuwua,1837608,3:30,6.88,NM,96.36,29363426.0,R1zzy2,2022-03-27T13:00:11+00:00,1915408.0,29344.0,0.0097440914159416,7314.33,0.98268,210.0
4124318,TUYU - Anoyo-iki no Bus ni Notte Saraba. [Yandere] by SnowNiNo_,1070357,3:10,7.43,NM,95.32,12085864.0,Artaa27,2018-04-14T02:44:27+00:00,2405150.0,29497.0,0.0097814664473184,7303.54,0.992487,190.0
4123781,carolesdaughter - My Mother Wants Me Dead [Fuxi's Insane] by Basensorex,2245686,1:43,6.26,HDNC,98.14,16327309.0,Marikkusu,2020-03-04T14:12:21+00:00,3624365.0,29571.0,0.0098060055027173,7299.65,0.987237,103.0
4123798,Set It Off - Horrible Kids [Kuki's Extra] by My Angel Ram,1249048,0:58,7.63,DT,97.71,34371055.0,splxxy,2023-09-01T12:17:52+00:00,2203920.0,29586.0,0.0098109796355684,7298.81,0.968591,58.0
4125759,Origami Angel - Noah Fence [They Keep Telling Me 'Bout Kevin] by WashedUp Player,1931702,3:11,6.64,NM,94.4,22689300.0,Putya,2021-04-15T05:29:41+00:00,4021793.0,29748.0,0.0098782453462864,7288.42,0.980898,191.0
4124083,YOASOBI - Watch me! (TV Size) [Magical] by Sonnyc,2365957,1:28,7.5,HR,92.77,35181999.0,R a F i s,2024-01-13T23:26:45+00:00,3689349.0,29790.0,0.0098786278423438,7286.57,0.954189,88.0
4126776,nano.RIPE - Tsugihagi Moyou (TV Size) [Insane] by alacat,1348216,1:26,5.93,DT,99.2,12095095.0,ZarZrak,2018-04-15T10:49:44+00:00,5279471.0,29819.0,0.009901821903352,7284.35,0.993788,86.0
4125648,NightHawk22 - Animation Warrior Theme [ORBIT] by Neromerido,2473545,2:16,7.38,NM,91.42,32951875.0,vansenox,2023-02-27T07:22:46+00:00,3262464.0,29860.0,0.0099154365348969,7282.22,0.979638,136.0
4123739,Zekk - Freefall [Dive] by Fursum,1544463,2:11,6.32,NM,96.65,18296881.0,Zaik0,2020-08-29T12:16:43+00:00,1938718.0,29930.0,0.0099250530822877,7277.13,0.982301,131.0
4124113,Set It Off - Fake Ass Friends (Cut Ver.) [Tylerderp's Extra] by Smoke,2281065,1:31,7.41,HDDT,94.91,12548432.0,sansrsrs,2018-06-27T00:49:08+00:00,2498266.0,30141.0,0.0099950225510603,7264.12,0.952358,91.0
4125141,Sephid - Epistrofi [Extreme] by Mattay,1572038,1:51,7.1,HD,93.49,18649304.0,MintLeaf,2020-09-24T19:39:20+00:00,2109727.0,30249.0,0.0100446095024815,7256.48,0.980081,111.0
4125016,Galactikraken & Jonathan Young - Jetpack Race [Vivy's Speedbreaker] by Mir,2424357,3:33,7.25,HD,94.57,18649304.0,MintLeaf,2020-09-24T19:39:20+00:00,2109727.0,30249.0,0.0100446095024815,7256.48,0.980081,213.0
4126088,Tsukuyomi - Absolute zero [Expert] by Sagu,1630240,3:37,6.43,NM,93.58,25696702.0,teolii,2021-09-04T13:40:07+00:00,3995579.0,30280.0,0.0100549034921861,7254.39,0.988809,217.0
4125218,VINXIS - Sidetracked Day (Short Ver.) [Astronic's Extreme] by Firiiu,2310753,2:08,6.69,NM,90.81,16661646.0,SCIOCCO,2020-04-09T05:42:02+00:00,5092844.0,30716.0,0.0101996834764197,7227.35,0.986235,128.0
4125255,Ryu* vs. Sota - Go Beyond!! [Transcension!!] by Anto,934522,1:50,7.2,NM,91.73,16661646.0,SCIOCCO,2020-04-09T05:42:02+00:00,5092844.0,30716.0,0.0101996834764197,7227.35,0.986235,110.0
4124895,Kanae Asaba - Endless Starlight ~Inochi no Kirameki~ (OP Ver.) [Auriga's Expert] by craxtz,2335269,1:39,7.31,HDDT,97.02,22640137.0,senpai nero,2021-04-13T06:23:07+00:00,7126553.0,30734.0,0.0101916666031083,7225.97,0.988097,99.0
4126336,fhana - Genzaichi (Speed Up Ver.) [Kyou's Dusk] by apoq,2331210,3:33,7.56,HD,95.8,38539426.0,FBlooming,2025-10-02T13:23:35+00:00,502100.0,30910.0,0.01026410392812,7213.96,0.986037,213.0
4127080,NightHawk22 - Animation Warrior Theme [ORBIT] by Neromerido,2473545,2:16,7.38,NM,90.96,22945640.0,k0t0fey0,2021-04-25T14:23:50+00:00,4842251.0,30930.0,0.0102707452118004,7213.55,0.984761,136.0
4124441,Liella! - Starlight Prologue (TV Size) [Starry Prelude] by _Meep_,2119199,2:27,6.83,HDDT,91.29,26649141.0,Skyline,2021-10-19T22:46:24+00:00,5858809.0,31084.0,0.0103077297029679,7203.54,0.966858,147.0
4125831,avtostopom - komnata [krasivo] by _kiria,1392220,2:37,6.04,NM,98.21,12409950.0,Terrisu,2018-06-04T22:33:48+00:00,7548402.0,31511.0,0.0104636745027172,7177.47,0.986032,157.0
4126523,Hommarju - Shanghai Wu Long [Xilver's INFINITE] by Flask,918026,1:53,6.14,HD,94.77,6814521.0,P a t r i c k,2015-07-23T15:55:28+00:00,5139707.0,32196.0,0.0106911384687723,7139.02,0.991088,113.0
4124419,Altermis & takehirotei & Violet Delta - Christmas Slop [Sloppy Gift] by Sotarks,2472271,1:09,7.87,NM,92.31,22027151.0,RudderFish07,2021-03-23T02:31:50+00:00,2740124.0,32215.0,0.0106827793199431,7138.21,0.981613,69.0
4125682,MYUKKE. - Shera [To the Sky Kingdom] by melloe,635015,1:59,6.38,NM,96.46,15175772.0,Deeo_XD,2019-09-13T08:34:02+00:00,4326611.0,32217.0,0.0106981118166368,7137.94,0.987433,119.0
4124982,Aether Realm - Tarot [Final Stand] by SILENCE PLAYER,1291247,3:16,6.72,NM,95.65,18086836.0,_-D3V1L-_,2020-08-13T17:38:09+00:00,3921493.0,32673.0,0.0108495330845508,7113.99,0.985641,196.0
4125766,Bring Me The Horizon - Kingslayer (feat. BABYMETAL) [Corrupted Program] by Sayuka,2118867,3:33,6.16,NM,98.59,18086836.0,_-D3V1L-_,2020-08-13T17:38:09+00:00,3921493.0,32673.0,0.0108495330845508,7113.99,0.985641,213.0
4126020,Will Stetson - Harumachi Clover (Swing Arrangement) [Dictate Edit] [Shunao's Hard] by Sotarks,842412,0:30,5.05,HDHRNCFL,100.0,12228085.0,477,2018-05-07T12:42:16+00:00,8297813.0,32738.0,0.0108711172565122,7110.19,0.984877,30.0
4124133,Will Stetson - Harumachi Clover (Swing Arrangement) [Dictate Edit] [Shunao's Hard] by Sotarks,842412,0:30,5.05,HDHRNCFL,97.94,12228085.0,477,2018-05-07T12:42:16+00:00,8297813.0,32738.0,0.0108562107520192,7110.19,0.984877,30.0
4126899,Kano - Cherry Pop (Cut Ver.) [Kumocha's Expert] by Sotarks,2464474,1:10,7.55,DT,97.38,25382336.0,Resolution,2021-08-17T08:55:25+00:00,3353456.0,33099.0,0.0109909924269442,7090.53,0.980212,70.0
4123925,blobdash - ARE WE FLOATING IN SPACE [Tournament MSC2] by tacoyaki5,2339180,2:34,7.05,NM,90.35,19767508.0,Impressive Duck,2020-12-10T00:17:40+00:00,5083678.0,33130.0,0.0109862014238621,7089.75,0.989946,154.0
4127054,DJ TOTTO - Crystalia [Meal's Ultra] by Hysteria,691220,1:57,7.29,NM,93.89,26249317.0,Super Panda,2021-10-01T20:17:36+00:00,1491937.0,33684.0,0.011185249974597,7057.07,0.979532,117.0
4126644,miwa - chAngE [Seni's InsAnE] by MaridiuS,770306,1:29,7.0,HDDT,97.09,28277196.0,smietanol,2022-01-15T19:55:01+00:00,2150517.0,33733.0,0.0112015211196141,7054.93,0.983487,89.0
4125799,Apocalyptica - Hall of the Mountain King [VII] by pishifat,340399,2:52,6.33,HD,97.71,21412869.0,Pinwi_,2021-02-26T23:29:52+00:00,3129732.0,33748.0,0.0112065020823744,7054.51,0.985078,172.0
4125812,PinocchioP feat. Hatsune Miku - Ghosts Play to the Audience [Hard] by AJT,1471627,3:43,5.78,HDDT,98.38,21412869.0,Pinwi_,2021-02-26T23:29:52+00:00,3129732.0,33748.0,0.0112065020823744,7054.51,0.985078,223.0
4126320,Hanasaka Yui(CV: M.A.O) - Harumachi Clover [Masha's Insane] by Djulus,600702,0:29,5.76,HDNC,97.74,16369853.0,fulrazz,2020-03-10T06:52:57+00:00,3176681.0,33764.0,0.0112118151093188,7053.39,0.990834,29.0
4126033,Ironmouse & Camellia - Waifu Jam (osu! edit) [Rozemyne's Extra] by Pho,1999975,2:44,5.63,NM,97.8,16369853.0,fulrazz,2020-03-10T06:52:57+00:00,3176681.0,33764.0,0.0112118151093188,7053.39,0.990834,164.0
4126131,Ke$ha - Backstabber (Sped Up & Cut Ver.) [Kumocha's Expert] by payney,2288193,1:05,6.95,HDDT,97.56,10483269.0,nike22,2017-07-10T10:19:16+00:00,1055947.0,34254.0,0.0113745265594896,7025.52,0.983145,65.0
4126329,senya - Tokuiten no Kaibutsuteki Kanjou [Wither's Lunatic] by Satellite,2462140,2:59,6.46,DT,93.9,12469796.0,YanLegend,2018-06-14T14:05:34+00:00,3076798.0,34329.0,0.0113994313732912,7021.51,0.978182,179.0
4124297,S3RL - Bass Slut (Original Mix) [Reform's Filthy Expert] by Fatfan Kolek,983911,2:18,7.16,HDDT,98.72,13653468.0,- Drok -,2018-12-27T01:24:21+00:00,2758182.0,34425.0,0.0114156348933429,7016.47,0.986361,138.0
4124199,LiSA - REALiZE [lightin super bn] by dakiwii,2251039,3:05,6.72,NF,92.61,25709947.0,nokkan,2021-09-05T03:49:36+00:00,2840779.0,34836.0,0.0115519261334639,6994.97,0.972484,185.0
4124136,Warak - Slow Motion (feat. DongGeyoung) [Agatsu's Insane] by NeonLights,1014716,2:29,6.34,NFHDDT,92.46,25709947.0,nokkan,2021-09-05T03:49:36+00:00,2840779.0,34836.0,0.0115519261334639,6994.97,0.972484,149.0
4124151,Warak - Slow Motion (feat. DongGeyoung) [Agatsu's Insane] by NeonLights,1014716,2:29,6.34,NFHDDT,94.95,25709947.0,nokkan,2021-09-05T03:49:36+00:00,2840779.0,34836.0,0.0115519261334639,6994.97,0.972484,149.0
4123999,Mahiru - Taishou x [Expert] by kuyusu,1238277,3:58,6.43,SV2NF,95.3,25709947.0,nokkan,2021-09-05T03:49:36+00:00,2840779.0,34836.0,0.0115519261334639,6994.97,0.972484,238.0
4127175,Renard - Rainbow Dash Likes Girls (Stay Gay Pony Girl) [DoKo's Extra] by Silverboxer,1893701,3:11,6.09,NM,92.22,20713461.0,KeshKe_,2021-01-30T21:58:22+00:00,3709990.0,34975.0,0.0116139448361694,6987.03,0.989322,191.0
4126746,Super Chorogons - Maid with Dragons <3 (TV Size) [Extra] by too,1536276,1:28,6.5,HR,94.26,34021726.0,Lecer,2023-07-08T05:41:55+00:00,4906157.0,35007.0,0.0116245708900581,6984.88,0.977016,88.0
4125482,t+pazolite - cheatreal [Extra] by caren_sk,88180,4:13,6.39,NM,97.67,12883604.0,WeoWeoo,2018-08-14T08:38:54+00:00,1949653.0,35128.0,0.0116647506563248,6978.34,0.975099,253.0
4125518,ONE OK ROCK - American Girls (Juztan Remix) [-AzuMi's Broken Heart] by Tylerderp,2352698,0:44,7.31,NM,92.51,12883604.0,WeoWeoo,2018-08-14T08:38:54+00:00,1949653.0,35128.0,0.0116647506563248,6978.34,0.975099,44.0
4126360,Aqours - MY Mai*TONIGHT [sdafsf's Odore] by My Angel Kanan,684916,1:33,5.74,NM,99.48,11694475.0,Circleguard,2018-02-06T16:08:44+00:00,9905572.0,35272.0,0.011712567898824,6970.29,0.989018,93.0
4123808,Thaehan - Doki-Doki [Adrenaline Rush] by BarkingMadDog,575777,1:42,7.23,NF,90.97,9935193.0,sdohla_mat,2017-03-22T13:22:36+00:00,12329627.0,35299.0,0.0117054610341354,6968.79,0.978243,102.0
4125310,xi - Solar Storm [Eruption] by sdafsf,566408,1:46,6.44,NM,90.61,9935193.0,sdohla_mat,2017-03-22T13:22:36+00:00,12329627.0,35299.0,0.0117215336317926,6968.79,0.978243,106.0
4124169,Laser Imouto - Prismatix [kowari's Extreme] by mizto,2294086,4:09,10.45,HDDT,98.39,29687549.0,Jamse,2022-04-19T12:54:49+00:00,2083812.0,35346.0,0.0117210466504023,6966.72,0.973469,249.0
4124142,Calliope Mori x Gawr Gura x DECO*27 - Q [Q] by SMOKELIND,1699993,2:37,6.93,NM,97.04,19166426.0,Auiyin,2020-11-03T01:07:52+00:00,3455705.0,35667.0,0.0118274930934165,6947.91,0.973592,157.0
4125257,Galileo Galilei - Aoi Shiori (TV Size) [Dis] by Disoy,29426,1:28,5.13,HDDT,100.0,8925266.0,Haadez,2016-08-29T19:59:30+00:00,889966.0,1566.0,0.0053512299969587,6944.77,0.995385,88.0
4127308,Timothy (Chitose Morinaga) - Michi no Timothy Kimi no Kimochi [please help] by dokitori,1613934,1:04,7.25,NM,99.44,25550050.0,UrbanKS,2021-08-26T22:48:44+00:00,3996305.0,36089.0,0.01198386433717,6925.99,0.98567,64.0
4125910,UNDEAD CORPORATION - MEGALOMANIA [KK'S EXTREME] by Daycore,2280680,4:30,7.26,NM,93.25,27907457.0,Danzi1,2021-12-25T19:39:42+00:00,2859798.0,36263.0,0.0120416435051898,6917.65,0.983777,270.0
4126483,toby fox - Sentou! Battle Tower [Fiery's Extreme] by Sotarks,2276943,1:12,7.16,NM,95.47,30575073.0,HoWLeR2,2022-07-04T16:41:59+00:00,5290907.0,36347.0,0.0120695368966476,6913.96,0.980309,72.0
4126463,renforshort - hate the way you love me (nightcore & cut ver.) [all your lies] by Mimari,2463664,1:04,6.17,HDHR,99.71,18707282.0,Safryyy,2020-09-29T08:48:39+00:00,4109508.0,36484.0,0.0121150296898586,6907.73,0.992159,64.0
4126270,Natalya Vetlitskaya - Dusha [collab] by schoolboy,2314202,4:02,7.09,NM,93.2,7430687.0,pvq,2015-11-18T03:31:12+00:00,5865978.0,36593.0,0.012151224685917,6902.18,0.981243,242.0
4126078,Middle Kids - R U 4 Me? (Cut Ver.) [insane] by Smoke,2282539,1:22,6.73,HDDT,94.93,10899619.0,Cyrax,2017-09-24T22:09:59+00:00,1710242.0,36711.0,0.0121904082596316,6896.49,0.989178,82.0
4127236,KOTOKO - Wing my Way (Game Ver.) [Mekadon's Extreme] by Log Off Now,2412924,2:10,6.72,HD,97.29,13396311.0,silentsun,2018-11-10T08:41:54+00:00,2309659.0,37824.0,0.0125599956964481,6837.73,0.965317,130.0
4127136,Arash - Temptation (feat. Rebecca) (Nightcore Mix) [forsn's Extra] by silver tail,2235601,2:54,6.58,HD,92.08,13396311.0,silentsun,2018-11-10T08:41:54+00:00,2309659.0,37824.0,0.0125599956964481,6837.73,0.965317,174.0
4124540,xi - .357 Magnum [High Noon] by Akali,155749,2:08,6.44,NM,96.48,14842331.0,Marnuel,2019-07-18T03:17:45+00:00,2936786.0,37879.0,0.0125610118845298,6835.14,0.988121,128.0
4127003,MYUKKE. - re[in]flaw [in[co]rect] by captin1,1344871,1:56,6.24,NM,95.87,30263193.0,xXplayer20204,2022-06-10T00:01:43+00:00,4895321.0,38101.0,0.0126519774754222,6824.52,0.977673,116.0
4126843,"Aiurabu (CV: Nakajima Yui, Iida Yuuko, Tamura Nao) - Kani*Do-Luck! (TV Size) [gwb's Crab Stew] by KeyWee",2310271,0:58,6.44,HR,99.6,34721296.0,beale,2023-10-31T23:13:34+00:00,3058752.0,38225.0,0.0126931534342409,6818.31,0.986513,58.0
4126836,ONE OK ROCK - American Girls (Juztan Remix) [Extreme] by Tylerderp,2352698,0:44,7.1,HR,98.8,34721296.0,beale,2023-10-31T23:13:34+00:00,3058752.0,38225.0,0.0126931534342409,6818.31,0.986513,44.0
4124370,DJ Sharpnel - Gate Openerz [SRPC-0180] by CosmicWolf,1435435,4:45,6.1,NM,94.44,15105238.0,ShenCoMode,2019-09-01T01:04:16+00:00,2586246.0,38467.0,0.0127559978922941,6805.61,0.981069,285.0
4125693,Arash - Temptation (feat. Rebecca) (Nightcore Mix) [~Farewell~] by silver tail,2235601,2:54,8.8,NM,91.24,19151754.0,oxyIV,2020-11-02T01:48:00+00:00,2170393.0,38504.0,0.0127857993415831,6804.69,0.969879,174.0
4126931,nameless - Milk Crown on Sonnetica [Pure 101%] by Len,327557,3:33,7.7,NM,95.86,19151754.0,oxyIV,2020-11-02T01:48:00+00:00,2167929.0,38501.0,0.012784803149031,6804.69,0.969879,213.0
4127042,DJ Okawari - Flower Dance (Short Ver.) [Relax] by -Hanayuki-,252981,3:19,6.91,NM,98.16,15891656.0,Moisturiser,2020-01-01T17:08:44+00:00,2321558.0,38923.0,0.0129249342346883,6783.51,0.983441,199.0
4124154,THE ORAL CIGARETTES - Flower [Cataclysm] by Sotarks,1816708,4:12,6.28,NM,99.06,18190593.0,Miles1337,2020-08-21T17:52:57+00:00,3790037.0,39151.0,0.0129828183503056,6773.24,0.988314,252.0
4125093,Seiryu - BLUE DRAGON [Kyshiro's Extra] by Blue Dragon,326920,2:53,6.17,NM,98.41,1033174.0,1484stone,2011-08-16T13:18:49+00:00,4065180.0,39193.0,0.0130145915643742,6771.38,0.953914,173.0
4124930,xi - Blue Zenith [ktgster's Extreme] by Asphyxia,292301,4:09,6.81,NM,92.96,13755177.0,teraxx,2019-01-13T04:05:34+00:00,2455395.0,39385.0,0.0130783478877065,6762.45,0.983294,249.0
4124978,KOTOKO - Wing my Way (Game Ver.) [Tylerderp's Extra] by Log Off Now,2412924,2:10,6.25,HR,98.55,31105807.0,n0llar,2022-08-22T22:38:59+00:00,3580801.0,39912.0,0.0132533457126861,6738.28,0.977736,130.0
4126551,AmaLee - Santa Senpai (Cut Ver.) [Ram's Another] by Sotarks,2284526,1:02,7.09,DT,94.42,31105807.0,n0llar,2022-08-22T22:38:59+00:00,3580801.0,39912.0,0.0132533457126861,6738.28,0.977736,62.0
4124237,Various Artists - DT Jump Pack 3 [GIRLS' LEGEND U] by gwb,2416913,0:34,7.46,NM,91.95,33415679.0,Nero_22,2023-04-12T18:15:44+00:00,2428447.0,39946.0,0.0132464473914155,6737.42,0.972583,34.0
4124831,"Aiurabu (CV: Nakajima Yui, Iida Yuuko, Tamura Nao) - Kani*Do-Luck! (TV Size) [Kiwi Flavored Crab] by KeyWee",2310271,0:58,6.9,NM,99.53,14718451.0,Tranquilli,2019-06-24T19:24:44+00:00,2479550.0,40309.0,0.0133668214064128,6720.27,0.991275,58.0
4127218,Team Grimoire vs. Laur - Grievous Lady [Extreme] by Feruver,778719,2:14,7.18,NM,94.2,18028990.0,b4ris,2020-08-09T08:42:08+00:00,2651298.0,40492.0,0.0134459429394188,6711.59,0.98445,134.0
4125094,Aiobahn - Angel Breaking (Sped Up & Cut Ver.) [DATEN ROUTE] by daph,2216982,0:59,7.15,NM,90.93,2368262.0,belleybun,2013-02-15T06:13:27+00:00,2251754.0,41118.0,0.0136538151186166,6682.21,0.967081,59.0
4125183,Hoshimachi Suisei - TALALALALALALALALALALALAAAAA LALAAAAAAAAAAAAA [Honig & Actiol's Extreme] by KecHik445,1742920,0:29,6.66,NM,98.79,17547066.0,SirSamiboi,2020-06-28T10:21:05+00:00,905548.0,41515.0,0.0137856445996733,6664.04,0.994153,29.0
4125485,Bliitzit - Team Magma & Aqua Leader Battle Theme (Unofficial) [Catastrophe] by Sotarks,1002271,1:14,6.21,HD,99.79,17547066.0,SirSamiboi,2020-06-28T10:21:05+00:00,905548.0,41515.0,0.0137856445996733,6664.04,0.994153,74.0
4124538,flowerovlove - erase u (sped up & cut ver.) [PikA's Extra] by riot1133,2294787,1:23,6.95,HR,98.11,22171003.0,warm1x,2021-03-27T05:02:48+00:00,2973578.0,41548.0,0.0137776847799161,6661.51,0.966571,83.0
4125523,"Various Artists - Jump / Stream Training [Yuudachi, Kimi to Kakurega | bpm:150 | Jump] by Supicha",1329817,0:33,5.89,DT,99.14,19315157.0,RizaFP,2020-11-12T05:25:20+00:00,2781282.0,41857.0,0.0138992105506089,6647.95,0.96297,33.0
4127349,shikata akiko - Katayoku no tori [Arles] by lahphnya,478303,4:22,8.55,NM,93.57,14956001.0,Shoma_Murakami,2019-08-08T19:00:35+00:00,3855117.0,42082.0,0.0139739249920138,6637.46,0.983884,262.0
4124104,"Ice Nine Kills - Merry Axe-Mas [So Much for a Merry ""Axe-Mas"" (feat. enneya)] by aaeky",2197092,3:14,6.4,NM,94.75,14956001.0,Shoma_Murakami,2019-08-08T19:00:35+00:00,3855117.0,42082.0,0.0139547639094163,6637.46,0.983884,194.0
4127193,Kankaku Piero - Haruka Mirai (TV Size) [Extra] by Gero,750743,1:26,6.17,NM,99.36,14956001.0,Shoma_Murakami,2019-08-08T19:00:35+00:00,3855117.0,42082.0,0.0139739249920138,6637.46,0.983884,86.0
4125256,Various Artists - Square Jump Practice Maps [Masterpiece BPM180 Holy holy shit!!!! That's death jump!!!  AR10] by Jemmmmy,112651,3:42,7.15,NM,94.45,30562300.0,CursedFC,2022-07-03T14:59:06+00:00,1940574.0,42241.0,0.0140267231972733,6630.87,0.961325,222.0
4125202,Dylan Wyatt Gordon Beats - Squidward Yell [EXTRA MILD BOBBY SAUCE!?!?!?] by Mekadon,2438840,0:54,6.81,HR,94.36,30562300.0,CursedFC,2022-07-03T14:59:06+00:00,1940574.0,42241.0,0.0140267231972733,6630.87,0.961325,54.0
4127048,Getty vs Dj DiA - Antifront Gears [DEVASTATION] by XenjeS,1038187,2:17,6.97,NM,91.15,34138196.0,babidzon,2023-07-26T07:52:41+00:00,2194748.0,42348.0,0.0140622540649637,6626.43,0.940656,137.0
4127237,Miki Sayaka vs. Miki Sayaka (fw. Miki Sayaka) - squartatrice [Another] by Muya,40368,2:09,5.95,HDHR,97.68,19131844.0,yuumi kawachino,2020-10-31T18:49:44+00:00,3092875.0,42635.0,0.014157556485778,6612.27,0.981789,129.0
4125459,My Chemical Romance - Helena [Extreme] by pishifat,320194,1:49,6.12,NM,96.9,28867125.0,KR1TOFF,2022-02-19T11:06:16+00:00,1263659.0,42711.0,0.0141827933637636,6609.17,0.958247,109.0
4127256,Altermis & takehirotei & Violet Delta - Christmas Slop [Nymphe's Ultra+] by Sotarks,2472271,1:02,7.39,NM,95.36,25540724.0,love sunflowers,2021-08-26T11:57:07+00:00,1424356.0,43277.0,0.0143707416919201,6585.24,0.950822,62.0
4126534,"Aiurabu (CV: Nakajima Yui, Iida Yuuko, Tamura Nao) - Kani*Do-Luck! (TV Size) [PikA's Steamed Crab] by KeyWee",2310271,0:58,6.66,HR,99.74,34430181.0,santments,2023-09-11T19:33:07+00:00,2074936.0,43386.0,0.0144069366879785,6580.89,0.980435,58.0
4125111,DECO*27 - Ghost Rule [N a s y a's Extra] by Awaken,413117,3:25,6.95,NM,99.09,27144712.0,zxcursedreiz,2021-11-12T06:27:05+00:00,1924813.0,43552.0,0.0144620593425261,6572.28,0.988065,205.0
4124181,Ushirokara Haiyoritai G - Taiyou Iwaku Moeyo Chaos [Insane] by osuplayer111,52853,2:52,5.94,HDDT,99.47,10596605.0,Desfalco,2017-08-01T22:21:24+00:00,1982359.0,43583.0,0.0144525088033861,6571.22,0.985322,172.0
4124097,mimimemeMIMI - Sentimental Love [<3] by [Karcher],2477468,4:36,6.89,HDDT,96.39,10596605.0,Desfalco,2017-08-01T22:21:24+00:00,1982359.0,43583.0,0.0144525088033861,6571.22,0.985322,276.0
4125591,Yousei Teikoku - Kyouki Chinden (TV Size) [Extreme] by Rita Summers,2345648,1:34,7.51,NM,90.25,34649361.0,Shabikk,2023-10-19T19:57:48+00:00,1722461.0,43710.0,0.0145145254836016,6565.95,0.955078,94.0
4124800,Feint - Tower Of Heaven (You Are Slaves) [Another] by eLy,128931,2:45,6.85,NC,98.92,16133323.0,ardentia,2020-02-05T22:54:52+00:00,3225645.0,44166.0,0.0146458367668667,6548.56,0.974457,165.0
4124496,Grant Kirkhope - Turbo Trainers [Extra] by NaPiii_,2476009,0:44,6.0,NM,98.84,16133323.0,ardentia,2020-02-05T22:54:52+00:00,3225645.0,44166.0,0.0146458367668667,6548.56,0.974457,44.0
4127015,Various Artists - Corner Jump Training [Imai Asami - Asayake no Starmine (TV Size)] by QuadroKiller,478917,1:27,5.69,NM,95.92,4532869.0,Altray,2014-06-15T15:16:41+00:00,8963769.0,44216.0,0.0146825499607168,6546.48,0.990917,87.0
4127082,inoqx - KILL ME SLOW [death] by winded,2486489,2:34,7.67,NM,94.47,28504978.0,Fyujinn,2022-01-28T18:56:51+00:00,2759222.0,44700.0,0.0148432690257834,6527.89,0.978552,154.0
4124340,Erika - I Don't Know (Nightcore & Cut Ver.) [Parad0xa's Expert] by Mita,2479183,0:42,7.18,DT,97.74,37144965.0,nika,2024-12-17T17:23:13+00:00,2443445.0,44831.0,0.0148663566566001,6523.09,0.969,42.0
4124271,Porcelain Black - Pretty Little Psycho (Nightcore & Cut Ver.) [Kumocha's Expert] by Mita,2390209,0:53,7.28,DT,93.33,37144965.0,nika,2024-12-17T17:23:13+00:00,2443445.0,44831.0,0.0148663566566001,6523.09,0.969,53.0
4125578,"Bridgit Mendler, Adam Hicks, Naomi Scott and Hayley Kiyoko - Determinate (Nightcore & Cut Ver.) [Kumocha's Expert] by My Angel Ram",2425417,1:14,7.36,HDDT,96.48,28574211.0,binqii,2022-02-01T19:12:01+00:00,1257373.0,44859.0,0.0148960672310429,6522.06,0.962611,74.0
4126347,kessoku band - Ano Band [dahkjdas' Extra] by Tokyo 727,2181671,3:26,6.04,HD,98.65,25220114.0,MyAngelAlice,2021-08-08T11:55:51+00:00,7853247.0,45158.0,0.0149953544220655,6509.84,0.987917,206.0
4126538,Thousand Leaves - Darkest night [Mun's Extra] by Halfslashed,2048017,3:54,6.15,HD,97.23,25220114.0,MyAngelAlice,2021-08-08T11:55:51+00:00,7853061.0,45158.0,0.0149953544220655,6509.84,0.987917,234.0
4124147,Kuro feat. Kasane Teto SV - Kyouka Ranman [Age's Extra] by gazimal,2328414,2:49,5.97,NM,91.78,37318455.0,spokoynich2,2025-01-19T00:49:15+00:00,1142471.0,45304.0,0.015023207645839,6503.07,0.988337,169.0
4123845,Manticora - Humiliation Supreme [Extra] by Urition,2364885,2:32,6.1,NM,92.63,37318455.0,spokoynich2,2025-01-19T00:49:15+00:00,1142471.0,45304.0,0.015023207645839,6503.07,0.988337,152.0
4123939,Arash - Temptation (feat. Rebecca) (Nightcore Mix) [Omekyu's Expert] by silver tail,2235601,2:54,5.52,NM,98.68,37318455.0,spokoynich2,2025-01-19T00:49:15+00:00,1142471.0,45304.0,0.015023207645839,6503.07,0.988337,174.0
4125560,Jane Remover - pretender [deceive] by 1066,2406034,3:33,6.03,HD,95.99,17370038.0,Button,2020-06-12T09:44:05+00:00,889029.0,18872.0,0.0184500834907338,6499.97,0.980755,213.0
4126200,Yomitan Akane - Chilly [Damsel in Distress] by Tuffiii,2066909,1:42,6.44,NM,97.76,18342371.0,Nacho1crazy,2020-09-01T20:18:08+00:00,3706423.0,45387.0,0.0150713971202065,6499.66,0.985065,102.0
4126261,toby fox - Last Goodbye [Determination] by Fatfan Kolek,744772,1:51,6.33,NM,97.85,7414205.0,HOMER,2015-11-14T16:34:56+00:00,3880969.0,45647.0,0.0151577338080522,6488.93,0.992958,111.0
4123816,Paramore - Still Into You (Nightcore & Cut Ver.) [Kumocha's Expert] by aaeky,2499570,0:59,7.37,HDDT,92.53,28381660.0,rjxz,2022-01-21T20:49:04+00:00,624142.0,45873.0,0.0152118930853252,6479.18,0.935824,59.0
4124057,x0o0x_ - '''''' [....] by Ryuusei Aika,1922665,2:18,5.36,HD,100.0,33440354.0,Nilouuuuu,2023-04-15T16:47:35+00:00,6201846.0,46141.0,0.0153007642589321,6469.61,0.997411,138.0
4125386,yo_so - Chiisana Senritsu (Cheap Dream Remix) [spiral matai45425698452355482] by Deppyforce,2111185,4:11,5.78,NM,94.7,33440354.0,Nilouuuuu,2023-04-15T16:47:35+00:00,6199473.0,46141.0,0.0153217735149591,6469.61,0.997411,251.0
4126351,Yorushika - Elma [Insane] by CoLouRed GlaZeE,992231,3:38,5.39,HDDT,99.53,11611290.0,SquirrelSquire,2018-01-24T19:09:20+00:00,14387353.0,46257.0,0.0153602929603057,6464.68,0.992009,218.0
4127059,Mitsukiyo - Constant Moderato [Memories] by Riana,1398429,2:00,5.87,HD,99.13,11611290.0,SquirrelSquire,2018-01-24T19:09:20+00:00,14387353.0,46257.0,0.0153602929603057,6464.68,0.992009,120.0
4126851,Middle Kids - R U 4 Me? (Cut Ver.) [Together Forever] by KeyWee,2299895,1:38,7.65,NM,99.16,14152889.0,- Natsuki -,2019-03-24T10:12:44+00:00,1339210.0,46292.0,0.0153719152067464,6463.59,0.983722,98.0
4126862,Yamajet feat. haru*ama*nya - Sweets Holic (Cut Ver.) [Lemaire's Ex] by Mita,2340299,1:30,12.34,HDHRDT,100.0,14152889.0,- Natsuki -,2019-03-24T10:12:44+00:00,1339210.0,46292.0,0.0153719152067464,6463.59,0.983722,90.0
4126433,Amatsuki - DORAEMON [Kuki's Insane ft. browiec] by browiec,1210297,3:56,6.21,HDDT,97.34,20918143.0,Alfin816,2021-02-08T13:37:30+00:00,3169336.0,46316.0,0.015379884747163,6462.38,0.990426,236.0
4127220,Colors*Slash - Colors Power ni Omakasero! [Mitsuboshi Jump!] by Log Off Now,1115477,4:05,5.93,NM,99.23,10533295.0,acimoru,2017-07-20T16:17:52+00:00,3372607.0,46473.0,0.0154320188240544,6456.95,0.990666,245.0
4124968,Will Stetson - Of Our Time (osu! Edit) [Reform's Painted Skies] by Sotarks,2422687,2:18,7.01,NM,96.56,34274689.0,yukenao,2023-08-16T13:03:31+00:00,1666875.0,47105.0,0.0156418833883563,6431.26,0.98753,138.0
4126121,Monetochka - Kazhdyy Raz (Cut Ver.) [Empty Pockets and a Single Thought] by Seni,2222636,1:39,6.45,NM,97.95,36086599.0,p3nance,2024-06-05T05:16:58+00:00,995017.0,47357.0,0.0157255635627299,6422.07,0.984545,99.0
4127251,fripSide NAO project! - Yappari Sekai wa Atashi * Legend!! (TamolarM Remix) [Expert!!] by Garden,2478480,4:38,6.23,HR,96.42,18978062.0,berhancira,2020-10-21T15:39:29+00:00,5280824.0,47393.0,0.0157375178733547,6420.73,0.976369,278.0
4126114,THE ORAL CIGARETTES - Kyouran Hey Kids!! (Sped Up Ver.) [MeMoRiA] by D e s,435693,3:04,6.45,NM,93.78,4435994.0,Taxi,2014-05-24T18:46:25+00:00,5134960.0,47847.0,0.0158882750129006,6402.52,0.968333,184.0
4126090,THE ORAL CIGARETTES - Kyouran Hey Kids!! (Sped Up Ver.) [MeMoRiA] by D e s,435693,3:04,6.45,NM,94.81,4435994.0,Taxi,2014-05-24T18:46:25+00:00,5134960.0,47847.0,0.0158882750129006,6402.52,0.968333,184.0
4126160,THE ORAL CIGARETTES - Kyouran Hey Kids!! (Sped Up Ver.) [MeMoRiA] by D e s,435693,3:04,6.45,NM,92.22,4435994.0,Taxi,2014-05-24T18:46:25+00:00,5134960.0,47847.0,0.0158882750129006,6402.52,0.968333,184.0
4124701,MATRANG - Meduza [Insane] by Marmowka,771687,2:41,5.69,DT,99.57,10745913.0,TheBaconator212,2017-08-28T06:07:16+00:00,2515156.0,48013.0,0.0159215360387531,6395.34,0.987128,161.0
4124685,"Tokai Teio (CV: Machico), Mejiro McQueen (CV: Onishi Saori) - Komorebi no Yell [Believe] by Little",1430973,4:16,5.99,DT,99.39,10745913.0,TheBaconator212,2017-08-28T06:07:16+00:00,2515156.0,48013.0,0.0159215360387531,6395.34,0.987128,256.0
4124718,ILLIT - Cherish (My Love) [yeojin's Insane] by flouah,2269550,2:42,5.91,DT,97.72,10745913.0,TheBaconator212,2017-08-28T06:07:16+00:00,2515156.0,48013.0,0.0159215360387531,6395.34,0.987128,162.0
4125723,Aitsuki Nakuru - Presenter* (Cut Ver.) [Merry Christmas!!] by Mita,2474192,1:18,7.51,HR,93.33,34362688.0,matile,2023-08-30T21:06:43+00:00,4754098.0,48214.0,0.0160101425684367,6388.16,0.942029,78.0
4126960,Kano - Cherry Pop (Cut Ver.) [PikA's Extra] by Sotarks,2464474,1:10,6.21,HR,97.74,36086599.0,p3nance,2024-06-05T05:16:58+00:00,992365.0,48275.0,0.0160303984836621,6385.71,0.983888,70.0
4127004,Kicco - Amazing sky [Eternal Sky] by Misure,526167,4:23,6.21,DT,96.7,36086599.0,p3nance,2024-06-05T05:16:58+00:00,992162.0,48275.0,0.0160303984836621,6385.71,0.983888,263.0
4126982,Caravan Palace - Miracle [Extra] by Mulciber,948225,3:12,6.07,HDHR,98.44,36086599.0,p3nance,2024-06-05T05:16:58+00:00,992162.0,48275.0,0.0160303984836621,6385.71,0.983888,192.0
4124200,DECO*27 - Ghost Rule [N a s y a's Extra] by Awaken,413117,3:25,6.95,NM,98.0,34136020.0,crispino,2023-07-25T22:27:45+00:00,1695791.0,48446.0,0.0160651226737224,6377.53,0.986283,205.0
4124205,DECO*27 - Ghost Rule [N a s y a's Extra] by Awaken,413117,3:25,6.95,NM,99.45,34136020.0,crispino,2023-07-25T22:27:45+00:00,1695791.0,48446.0,0.0160651226737224,6377.53,0.986283,205.0
4123719,FantasticYouth - No title [No difficulty name] by Akitoshi,1009447,3:55,6.01,HD,97.86,37137823.0,rawT,2024-12-16T00:35:33+00:00,1130087.0,48467.0,0.016072086459714,6377.26,0.981871,235.0
4126890,Aiobahn feat. Yui Makino - non-reflection [ratarok's non-insane] by Narkvar,2180676,3:24,6.92,DT,91.97,34862801.0,otaku1104,2023-11-25T23:09:52+00:00,3234847.0,48911.0,0.0162415913047001,6361.78,0.943454,204.0
4126927,Tsukasa (Arte Refact) - Fragrance [Vert's Insane] by Hakurei Yoru,357235,1:14,6.78,DT,94.48,34862801.0,otaku1104,2023-11-25T23:09:52+00:00,3234607.0,48911.0,0.0162415913047001,6361.78,0.943454,74.0
4127053,Kugimiya Rie. Horie Yui. Kitamura Eri - Orange (GoldenWolf Edit) [Tights] by Sotarks,747535,1:39,5.92,HDDT,96.57,36287702.0,F U R l N A,2024-07-08T05:16:57+00:00,2225635.0,48982.0,0.0162651678617656,6358.93,0.973492,99.0
4125605,Will Stetson - Of Our Time (osu! Edit) [PikA's Extreme] by Sotarks,2422687,2:13,6.5,NM,98.53,36287702.0,F U R l N A,2024-07-08T05:16:57+00:00,2225635.0,48982.0,0.0162651678617656,6358.93,0.973492,133.0
4125477,inabakumori - Tsukuri Kake no Shinshou [Extreme] by 0ugi,1248914,3:23,6.47,NM,92.33,36605664.0,Aleshadunai,2024-08-30T05:43:28+00:00,1901711.0,48973.0,0.0162621792841094,6358.83,0.965121,203.0
4125966,ryu5150 - Louder Than Steel [Freedom (180bpm)] by RafaelXDP,1273796,4:40,6.02,NM,91.84,21398952.0,HaritonStariy,2021-02-26T12:16:30+00:00,4860233.0,49003.0,0.0162721412096301,6357.84,0.981538,280.0
4125022,Porcelain Black - Pretty Little Psycho (Nightcore & Cut Ver.) [Kumocha's Expert] by Mita,2390209,0:53,7.28,HDNC,96.97,31257672.0,in_credit,2022-09-08T01:19:07+00:00,4505274.0,49043.0,0.016285423776991,6355.96,0.975537,53.0
4125584,osaili - Au (Gancher & Ruin Remix) [Azrulk & Ishtiaq's Extreme] by evth,2268589,3:17,6.25,HD,97.83,35043518.0,SurvoIt,2023-12-24T09:18:28+00:00,3174022.0,49587.0,0.0164660666930989,6335.61,0.990222,197.0
4126204,Amane - TWEEKER [Mikii's Insane] by TicClick,257165,3:49,6.76,DT,95.82,26341058.0,_TANk-,2021-10-06T08:54:21+00:00,6853315.0,49641.0,0.0164839981590361,6333.41,0.982629,229.0
4126224,wuk - Sidetracked Day [evth's Inside Extreme] by sytho,2191876,0:58,6.56,HR,97.81,26341058.0,_TANk-,2021-10-06T08:54:21+00:00,6853315.0,49641.0,0.0164839981590361,6333.41,0.982629,58.0
4124914,F-777 - Airborne Robots [Drop's Extra] by CookieBite,632505,1:33,6.38,NM,97.51,36005746.0,Teiteitei,2024-05-23T20:38:47+00:00,1865325.0,49967.0,0.0165922510830273,6321.83,0.9768,93.0
4125273,Various Artists - Hardtekk Jump Training [Shattered] by _aphantasia,2140158,0:45,7.42,NM,97.12,36005746.0,Teiteitei,2024-05-23T20:38:47+00:00,1865325.0,49967.0,0.0165922510830273,6321.83,0.9768,45.0
4125284,goreshit - MATZcore [Lolicore] by _LRJ_,24388,2:37,7.03,NM,98.97,6601834.0,blueflareblitz,2015-06-12T14:48:24+00:00,2287623.0,50389.0,0.0167323821686846,6307.37,0.983247,157.0
4126761,MXZI - ACELERADA [w phonk] by gwb,2438169,0:52,7.8,HR,90.57,6159738.0,rexy,2015-03-15T04:25:30+00:00,2668310.0,50853.0,0.0168864599500708,6289.21,0.990884,52.0
4123873,nameless - Theater Love Song [Catharsis] by Kibbleru,784676,4:00,6.55,NM,98.96,11822052.0,HitPlicT12,2018-02-27T21:45:01+00:00,3665937.0,51664.0,0.0171322399747181,6259.18,0.980731,240.0
4124364,Yuyoyuppe - -ELIS- [Extreme] by Seto Kousuke,930062,3:52,6.71,NM,94.89,11822052.0,HitPlicT12,2018-02-27T21:45:01+00:00,3665937.0,51664.0,0.0171322399747181,6259.18,0.980731,232.0
4124384,Kuribayashi Minami - Zankoku na Yume to Nemure [Yarinaoshi] by Riana,1357251,4:19,7.06,NM,96.14,11822052.0,HitPlicT12,2018-02-27T21:45:01+00:00,3665937.0,51664.0,0.0171322399747181,6259.18,0.980731,259.0
4125087,Arash - Temptation (feat. Rebecca) (Nightcore Mix) [Tylerderp's Extreme] by silver tail,2235601,2:54,8.09,NM,91.87,36806942.0,nayruji,2024-10-06T23:25:40+00:00,903546.0,51677.0,0.0171600808377049,6258.3,0.940766,174.0
4127388,Jessie J - Domino (Nightcore & Cut Ver.) [Desire] by Kumocha,2382142,1:09,6.42,HDDT,96.83,36738532.0,Hurrigan,2024-09-23T14:09:24+00:00,1150871.0,52509.0,0.0174363582388112,6229.48,0.989026,69.0
4127408,Porcelain Black - Pretty Little Psycho (Nightcore & Cut Ver.) [Parad0xa's Insane] by Mita,2390209,0:53,6.09,DT,96.17,36738532.0,Hurrigan,2024-09-23T14:09:24+00:00,1150871.0,52509.0,0.0174363582388112,6229.48,0.989026,53.0
4126142,HARU NEMURI - Trust Nothing but Love [Silverboxer's Extreme] by Ryuusei Aika,2292103,4:17,7.32,NM,97.99,30639969.0,phinguus,2022-07-10T04:36:43+00:00,5630982.0,52567.0,0.0174556179614845,6226.97,0.982004,257.0
4127169,seatrus - ILLEGAL LEGACY [TVRemote's EXTRA] by IntegerTempest,1932951,2:19,5.86,SV2NF,95.8,30671361.0,Queen_Agness,2022-07-13T01:19:07+00:00,5118050.0,52838.0,0.0175456073553545,6218.4,0.97227,139.0
4127368,NOMA - Brain Power [Cryptic's INFINITE] by Jacob,357777,1:47,6.28,HDHR,92.66,30671361.0,Queen_Agness,2022-07-13T01:19:07+00:00,5117478.0,52839.0,0.0175459394195385,6218.4,0.97227,107.0
4123770,xi - Aragami (Short Ver.) [Transcend] by Fushia,2196253,1:55,6.94,NM,95.8,25285335.0,terror tape,2021-08-11T21:29:20+00:00,3040331.0,52949.0,0.0175583573556315,6213.43,0.976243,115.0
4125177,"Yooh - Good bye, Merry-Go-Round. (Long Ver.) [Expert] by Reiszen",2138549,4:21,5.63,NM,95.16,37315756.0,Clasue,2025-01-18T17:23:46+00:00,1183012.0,53031.0,0.0176096957428707,6210.65,0.980602,261.0
4124726,t+pazolite - Call me it. (500 Tortures) [Extra] by Fort,291155,4:30,6.68,NM,96.7,20031651.0,tlpjr,2020-12-25T21:09:38+00:00,1971040.0,53093.0,0.0176061090310024,6208.99,0.984119,270.0
4126772,Spira Spica - Sansan Days (TV Size) [Insane] by Mimari,1669877,1:28,6.36,DT,97.35,36405233.0,blooming,2024-07-27T22:22:53+00:00,480854.0,53331.0,0.0177093149980773,6201.3,0.969156,88.0
4126736,Jessica Baio - bad times (sped up & cut ver.) [kumocha's expert] by Maiev,2446228,1:06,7.05,DT,95.44,36405233.0,blooming,2024-07-27T22:22:53+00:00,481009.0,53331.0,0.0177093149980773,6201.3,0.969156,66.0
4126812,Erika - I Don't Know (Nightcore & Cut Ver.) [Parad0xa's Expert] by Mita,2479183,0:42,7.18,DT,94.74,36405233.0,blooming,2024-07-27T22:22:53+00:00,480734.0,53331.0,0.0177093149980773,6201.3,0.969156,42.0
4126828,Erika - I Don't Know (Nightcore & Cut Ver.) [Parad0xa's Expert] by Mita,2479183,0:42,7.18,DT,95.74,36405233.0,blooming,2024-07-27T22:22:53+00:00,480715.0,53331.0,0.0177093149980773,6201.3,0.969156,42.0
4124212,HVKEN X MURKISH - WASTED (Short ver.) [mrforse's Extra] by Mulciber,1548520,1:11,6.5,NM,96.5,18442137.0,Fizing1,2020-09-09T10:51:38+00:00,3789695.0,53375.0,0.0176996227286036,6199.27,0.988578,71.0
4124772,Porcelain Black - Pretty Little Psycho (Nightcore & Cut Ver.) [Parad0xa's Insane] by Mita,2390209,0:53,6.09,HDDT,99.1,24844749.0,hakiiii,2021-07-21T13:12:30+00:00,2295750.0,53390.0,0.0177045968614548,6198.95,0.964152,53.0
4124166,ONE OK ROCK - Start Again (Cut Ver.) [Kuki's Expert] by ONE OK ROCK,2296940,1:06,7.09,DT,95.53,34594871.0,Bawco,2023-10-10T02:09:22+00:00,1224364.0,53936.0,0.0178856552972359,6182.1,0.966632,66.0
4124599,Renard - Da Nu Nuttah [Nogard] by Izzeee,2094442,2:38,6.81,HD,93.83,24108659.0,BetterMeman,2021-06-16T21:50:29+00:00,2474763.0,53974.0,0.0178982564337921,6180.53,0.970184,158.0
4124619,Renard - Da Nu Nuttah [Nogard] by Izzeee,2094442,2:38,6.81,HD,96.8,24108659.0,BetterMeman,2021-06-16T21:50:29+00:00,2474763.0,53974.0,0.0178982564337921,6180.53,0.970184,158.0
4126942,LiSA - Jet Rocket [Kowari's Extra] by Wen,1189927,4:44,5.86,SV2NFHR,91.87,24108659.0,BetterMeman,2021-06-16T21:50:29+00:00,2474763.0,53974.0,0.0179228322684034,6180.53,0.970184,284.0
4124687,San-Z - Original Me [Asaba's Extra] by Rumia-,2320652,3:39,5.75,NM,97.47,16580185.0,Tayuno,2020-04-01T21:11:15+00:00,3899077.0,54331.0,0.018016640795649,6166.93,0.987701,219.0
4124472,osaili - Au (Gancher & Ruin Remix) [Azrulk & Ishtiaq's Extreme] by evth,2268589,3:17,6.25,NM,93.1,16580185.0,Tayuno,2020-04-01T21:11:15+00:00,3899077.0,54331.0,0.018016640795649,6166.93,0.987701,197.0
4123803,Porcelain Black - Pretty Little Psycho (Nightcore & Cut Ver.) [Kumocha's Expert] by Mita,2390209,0:53,7.28,HDDT,98.79,24155603.0,Alki,2021-06-19T10:16:15+00:00,852854.0,54886.0,0.0182006837111408,6148.38,0.979379,53.0
4123869,Porcelain Black - Pretty Little Psycho (Nightcore & Cut Ver.) [PikA's Extra] by Mita,2390209,0:53,7.69,HDNC,94.13,24155603.0,Alki,2021-06-19T10:16:15+00:00,852854.0,54886.0,0.0182006837111408,6148.38,0.979379,53.0
4126094,96neko - Uso no Hibana [NiNo's Extra] by Yasaija 714,569503,3:37,6.17,NM,99.71,12904527.0,realDrake,2018-08-17T03:01:50+00:00,1873034.0,55073.0,0.0182877708066436,6142.06,0.989102,217.0
4125131,dj TAKA - quaver [Crescendo] by Monstrata,423527,3:24,7.43,NM,96.19,12904527.0,realDrake,2018-08-17T03:01:50+00:00,1873034.0,55073.0,0.0182877708066436,6142.06,0.989102,204.0
4126009,Silentroom - Protoflicker [Master] by DeRandom Otaku,1016347,2:47,6.51,NM,96.23,12904527.0,realDrake,2018-08-17T03:01:50+00:00,1873034.0,55073.0,0.0182877708066436,6142.06,0.989102,167.0
4126123,Rango Tenge Tenge - Chicken funny [:chicken:] by TheShadowOfDark,2304820,2:23,6.64,NM,91.01,13959336.0,Kisty,2019-02-18T03:49:42+00:00,6683616.0,55447.0,0.0184119628114679,6129.94,0.98355,143.0
4123810,m108 - * Crow Solace * [Consolation] by Frutiger_,2459977,2:20,7.15,NM,91.59,12280560.0,freshek32,2018-05-16T17:41:23+00:00,4239665.0,55654.0,0.0184553593131186,6123.41,0.985213,140.0
4124760,Middle Kids - R U 4 Me? (Cut Ver.) [extreme] by Smoke,2282539,1:22,6.87,HR,99.06,34599540.0,yumek1,2023-10-10T23:40:21+00:00,1189562.0,55695.0,0.0184689552762451,6122.19,0.977054,82.0
4126309,"Bridgit Mendler, Adam Hicks, Naomi Scott and Hayley Kiyoko - Determinate (Nightcore & Cut Ver.) [PikA's Extra] by My Angel Ram",2425417,1:14,7.82,HDDT,96.26,18608480.0,Lobo Azul,2020-09-21T17:38:27+00:00,964092.0,55723.0,0.0185036125262579,6120.93,0.929777,74.0
4126218,Porcelain Black - Pretty Little Psycho (Nightcore & Cut Ver.) [PikA's Extra] by Mita,2390209,0:53,7.69,HDDT,93.56,18608480.0,Lobo Azul,2020-09-21T17:38:27+00:00,964092.0,55723.0,0.0185036125262579,6120.93,0.929777,53.0
4126170,"Bridgit Mendler, Adam Hicks, Naomi Scott and Hayley Kiyoko - Determinate (Nightcore & Cut Ver.) [Kuki's Expert] by My Angel Ram",2425417,1:14,7.26,HDDT,97.66,18608480.0,Lobo Azul,2020-09-21T17:38:27+00:00,964092.0,55723.0,0.0185036125262579,6120.93,0.929777,74.0
4126271,Porcelain Black - Pretty Little Psycho (Nightcore & Cut Ver.) [Misery] by Mita,2390209,0:53,8.04,HDDT,93.06,18608480.0,Lobo Azul,2020-09-21T17:38:27+00:00,964092.0,55723.0,0.0185036125262579,6120.93,0.929777,53.0
4125444,HATSUBOSHI GAKUEN - White Night! White Wish! [Merry X'mas!] by MiyohashiKoori,2287936,3:46,6.15,NM,97.91,20312985.0,AA_,2021-01-11T06:40:20+00:00,6250483.0,56011.0,0.0185992470112563,6110.8,0.986528,226.0
4126374,Jeff Williams feat. Casey Lee Williams - Time to Say Goodbye (TV Size) [Nymphe's Extreme] by My Angel Ram,2285243,0:51,7.06,HR,97.93,35785752.0,fezkinx,2024-04-19T14:03:14+00:00,1101615.0,56065.0,0.0186171784771934,6109.33,0.949754,51.0
4124161,Kijibato - w/WWW feat. Hoshimiya Toto [Hard] by Elcheer,1312343,3:34,5.66,SV2NFDT,95.76,9067516.0,-Pan-,2016-10-01T03:31:39+00:00,4629427.0,56179.0,0.0186294539629082,6105.68,0.981238,214.0
4127209,Wednesday Campanella - Summer Time Ghost [Melting Nostalgia] by N1RAJN,2354663,3:07,6.33,NM,93.16,20346613.0,Zeltak,2021-01-13T05:23:03+00:00,4555680.0,56231.0,0.0186723011317411,6103.77,0.974756,187.0
4124514,kamome sano - tarte tatin [reine des reinettes] by -PC,849903,2:56,6.85,HD,93.45,9067516.0,-Pan-,2016-10-01T03:31:39+00:00,4628063.0,56366.0,0.0186914648191189,6099.45,0.98095,176.0
4125167,Yousei Teikoku - Kuusou Mesorogiwi (TV Size) [Visionary's Extreme] by Kuki1537,2276946,1:25,6.55,NM,96.53,23563164.0,BURITTO0,2021-05-21T13:54:11+00:00,2908846.0,56613.0,0.0187991496500375,6091.07,0.987632,85.0
4126018,WANIMA - GONG [STAMPEDE] by Smoke,1099681,4:19,6.64,HD,96.42,28225715.0,Flooffall,2022-01-12T20:03:40+00:00,2767680.0,56697.0,0.0188270430414954,6088.14,0.987119,259.0
4126358,Araki - Chiisana Koi no Uta (Synth Rock Cover) [Together] by Shishou,613207,3:42,8.7,HR,91.98,1905380.0,MuMuah,2012-09-08T13:25:27+00:00,1967900.0,56846.0,0.0188765206049146,6082.86,0.972281,222.0
4124165,Annalisa - Maschio (Nightcore Mix) [Insana Ossessione dei Symmetrical Kings] by Leomine,2491062,2:41,5.15,HDHR,100.0,2863471.0,Ominiknight,2013-06-26T08:06:39+00:00,10441486.0,56873.0,0.0188595905094871,6082.19,1.0,161.0
4125660,Yousei Teikoku - Zetsubou plantation [Zetsubou!] by Saten,86009,3:34,6.69,NM,93.34,37539144.0,dot_hato,2025-02-27T14:54:39+00:00,661881.0,56873.0,0.0188854863378832,6081.93,0.985308,214.0
4126157,Tate McRae - she's all i wanna be (cut ver.) [why can't i be like her] by Kosi,2355009,1:24,6.9,DT,95.28,18461989.0,merel,2020-09-10T19:55:15+00:00,2651952.0,57084.0,0.0189555518807119,6074.66,0.975895,84.0
4126781,Simple Plan - You Suck At Love (Nightcore & Cut Ver.) [Ririchi's Insane] by -koreangod1111,2441966,1:17,6.97,NFHDDT,93.75,19230399.0,Jogurt_,2020-11-06T21:53:06+00:00,2280726.0,57103.0,0.0189618611002083,6074.09,0.986323,77.0
4124092,Tashiro Tomokazu - Koi no Hime Hime Pettanko (Karaoke) [Insane] by DakiniBrave,938926,0:32,6.08,HDNC,99.45,38039493.0,MugiDL,2025-06-16T15:16:24+00:00,1618234.0,57307.0,0.0190035087533131,6067.64,0.98622,32.0
4124341,iru1919 - Tenko [Trynna's Another] by Seto Kousuke,840826,1:48,5.45,NM,96.12,38039493.0,MugiDL,2025-06-16T15:16:24+00:00,1618234.0,57307.0,0.0190035087533131,6067.64,0.98622,108.0
4126665,TUYU - Donna Ketsumatsu ga Onozomi dai? [Athanasia's Sorrowful Farewell] by Len,1875378,3:15,5.9,NM,98.95,15873129.0,Outmod,2019-12-30T01:10:48+00:00,3513038.0,57501.0,0.019094022645449,6061.35,0.981325,195.0
4124362,Various Artists - Hardtekk Jump Training [hearts set ablaze] by _aphantasia,2140158,1:11,7.12,NM,91.73,36926717.0,allgoose,2024-10-31T05:57:57+00:00,2110881.0,57981.0,0.0192270131227572,6045.35,0.968553,71.0
4124238,xaev - daria math: closure [wispy: insane (obtain thy potassium)] by wafer,1964790,3:35,5.13,NM,97.38,12571058.0,-Ban,2018-06-30T20:51:18+00:00,2353194.0,58356.0,0.0193513664440355,6033.78,0.98295,215.0
4126530,Altermis & takehirotei & Violet Delta - Christmas Slop [Ram's Ultra] by Sotarks,2472271,1:09,7.11,NM,90.83,37078967.0,kanar,2024-12-03T01:28:11+00:00,1043263.0,58404.0,0.0193938766036209,6031.34,0.966124,69.0
4124983,Yuyoyuppe - Kami no Kotoba [KAMI NO KOTOBA] by wafer,1357330,4:28,5.85,NM,91.64,22708257.0,[KC]CruB,2021-04-15T21:48:24+00:00,2256387.0,58693.0,0.0194898431528033,6022.72,0.966905,268.0
4124979,"gladde paling - vleermuis [#empaths owc-roster-predictions: enri, BATBALL] by Ryuusei Aika",2462132,1:39,5.86,NM,91.65,22708257.0,[KC]CruB,2021-04-15T21:48:24+00:00,2256387.0,58693.0,0.0194898431528033,6022.72,0.966905,99.0
4124996,BilliumMoto - Sentinel [VertiX's Extra] by Cestorie,2256704,2:13,5.78,NM,95.45,22708257.0,[KC]CruB,2021-04-15T21:48:24+00:00,2256387.0,58693.0,0.0194898431528033,6022.72,0.966905,133.0
4123829,DECO*27 - Cherry Pop feat. Hatsune Miku [Fuxi's Extra] by Andrea,2411013,2:17,6.08,HR,99.19,28208453.0,webfishing,2022-01-11T18:09:42+00:00,3970351.0,58755.0,0.0194836783778755,6020.57,0.984145,137.0
4124306,tomatoism - Someone Special [Longing For You] by LeCandy,2394154,3:19,6.44,HR,95.59,28208453.0,webfishing,2022-01-11T18:09:42+00:00,3970096.0,58755.0,0.0194836783778755,6020.57,0.984145,199.0
4124990,Oomori Seiko - JUSTadICE (TV Size) [Lami's Extreme] by Sotarks,950289,1:29,5.85,NM,99.26,37723949.0,ABrickWall,2025-04-07T16:41:07+00:00,1852169.0,59178.0,0.0196508942820539,6005.46,0.994111,89.0
4125050,Kano - Cherry Pop (Cut Ver.) [Kuki's Extra] by Sotarks,2464474,1:10,5.92,HDHR,99.78,37723949.0,ABrickWall,2025-04-07T16:41:07+00:00,1852169.0,59178.0,0.0196508942820539,6005.46,0.994111,70.0
4126945,Polyphia - O.D. [VINXIS' Extra] by Melwoine,1276327,2:50,5.92,NM,97.34,17384912.0,matthijs661,2020-06-13T16:21:30+00:00,3689497.0,59437.0,0.0197368989057156,5997.26,0.980666,170.0
4127259,Leah Kate - Life Sux (Sped Up Ver.) [Insane] by Log Off Now,1905234,2:33,7.24,DT,91.8,19518030.0,p1xtr3k,2020-11-24T19:06:30+00:00,1228526.0,59544.0,0.019772429773406,5993.83,0.978809,153.0
4124943,Renard - Banned Forever [Restricted] by Cheetox-,1411504,3:30,7.45,SV2NF,92.99,13408614.0,catwizard524,2018-11-12T03:01:08+00:00,7263279.0,59589.0,0.019787372661687,5992.04,0.983682,210.0
4124469,Linked Horizon - Shoukei to Shikabane no Michi [Light Extra] by Cheri,1053162,4:23,6.04,NM,94.75,29828489.0,briangogo,2022-05-01T18:24:47+00:00,2979697.0,59980.0,0.0198898992273845,5980.21,0.982859,263.0
4126346,FELT - New World [Illusion] by Natsu,407175,4:01,6.56,NM,98.08,16827662.0,fnxx,2020-04-23T14:34:36+00:00,2340201.0,60184.0,0.0199849508511801,5973.84,0.986165,241.0
4126220,Marina and the Diamonds - Bubblegum Bitch (Nightcore & Cut Ver.) [Barbie Girl] by Parad0xa,2282704,0:55,8.41,NFHDDT,90.5,36792505.0,-raincandy,2024-10-04T14:12:45+00:00,1323761.0,60660.0,0.0201430134027745,5958.67,0.942207,55.0
4125900,KOTOKO - Wing my Way (Game Ver.) [Path of Hope] by Log Off Now,2412924,2:10,7.2,NM,91.67,36792505.0,-raincandy,2024-10-04T14:12:45+00:00,1323761.0,60660.0,0.0201430134027745,5958.67,0.942207,130.0
4125017,USAO - Interstellar Travel [-kevincela-'s Xtra] by Aeril,2238749,2:20,6.53,NM,93.89,35764457.0,Rodney0510,2024-04-15T12:56:29+00:00,1547947.0,61016.0,0.0202612282522864,5947.89,0.972203,140.0
4127188,Savage Garden - I Want You [Ridiculous] by mtmcl,4548,3:41,5.51,NM,97.31,26478226.0,Blast4,2021-10-12T15:27:38+00:00,2478195.0,61145.0,0.0203040645320252,5944.95,0.978807,221.0
4123917,Team Nekokan - Can't Defeat Airman [Holy Shit! It's Airman!!] by Blue Dragon,24313,3:22,6.91,NM,94.24,7034677.0,pctechviews,2015-09-03T20:23:27+00:00,8972014.0,61188.0,0.0202904827263288,5942.97,0.983282,202.0
4124214,Porcelain Black - Pretty Little Psycho (Nightcore & Cut Ver.) [Kumocha's Expert] by Mita,2390209,0:53,7.28,DT,93.54,7034677.0,pctechviews,2015-09-03T20:23:27+00:00,8972014.0,61188.0,0.0202904827263288,5942.97,0.983282,53.0
4125305,Demi Lovato - Sorry Not Sorry (Rock Ver.) (Nightcore & Cut Ver.) [kayzy & Smoke's Extra] by Smoke,2449469,2:00,6.17,HR,97.1,15754199.0,Blowie,2019-12-14T02:41:20+00:00,2866907.0,61430.0,0.0203987028244715,5936.49,0.990375,120.0
4125786,xi - Aragami (Short Ver.) [Azer's Extra] by Chloe,388348,1:55,6.36,NM,93.72,34317472.0,charismatic7497,2023-08-23T13:00:55+00:00,1321293.0,62329.0,0.0206972285259073,5909.08,0.982307,115.0
4125712,Kurubukko - Hometown in Ruins [Aquamarine Cave] by phyr,2424914,2:23,6.31,SV2NF,91.71,7157133.0,_yosh,2015-09-28T18:49:20+00:00,944270.0,5369.0,0.0145705896081762,5905.95,0.98565,143.0
4125320,siinamota feat. Kagamine Rin - Shoujo A (Ringtone  Ver.) GAMMA [BETA+] by Cloudical,2421626,0:14,7.52,NM,97.39,18149679.0,IGNowen,2020-08-18T15:23:16+00:00,2584099.0,63011.0,0.0209236962994103,5889.4,0.939639,14.0
4123940,Yoomiii - Rhythm Of Love [Insane] by Jemmmmy,102071,3:34,6.0,DT,98.74,5281357.0,Asphox,2014-11-28T19:38:25+00:00,3465099.0,63092.0,0.0209218659895655,5886.91,0.987717,214.0
4123959,Dreamcatcher - Eclipse (TV Size) [Destiny] by paperoni17,1476373,1:30,6.16,NM,99.55,5281357.0,Asphox,2014-11-28T19:38:25+00:00,3465099.0,63092.0,0.0209218659895655,5886.91,0.987717,90.0
4127097,"Bridgit Mendler, Adam Hicks, Naomi Scott and Hayley Kiyoko - Determinate (Nightcore & Cut Ver.) [Another] by My Angel Ram",2425417,1:14,6.59,DT,98.19,38073669.0,UbuntuLemon,2025-06-24T03:19:02+00:00,1636550.0,63749.0,0.0211687596672185,5867.87,0.989769,74.0
4127363,Baracuda - La Di Da (Nightcore & Cut Ver.) [Insane] by Sotarks,1782890,0:55,6.1,DT,99.19,38073669.0,UbuntuLemon,2025-06-24T03:19:02+00:00,1636550.0,63749.0,0.0211687596672185,5867.87,0.989769,55.0
4125691,Rita - dorchadas [htonrahS] by Raijodo,2119488,4:28,6.95,NM,96.19,21274222.0,yanusekkk,2021-02-21T13:58:45+00:00,1303566.0,65126.0,0.0216260120486168,5828.92,0.980105,268.0
4124383,Yasuda Rei - Lots of Love [Sweet feeling] by Uta,944339,3:34,6.59,SV2NFDT,94.06,12793812.0,Ragnaloko,2018-08-03T21:18:38+00:00,3173138.0,65382.0,0.0216812502715047,5822.59,0.926161,214.0
4125710,Suzuyu - Euphorium [The Dream Of White Star.] by Dored,779047,4:33,6.4,HD,97.16,20272150.0,Ch3rryL,2021-01-08T21:58:15+00:00,1735516.0,65537.0,0.0217624904282498,5817.31,0.97387,273.0
4125805,dj TAKA - quaver [Crescendo] by Monstrata,423527,3:24,7.43,HD,95.76,20272150.0,Ch3rryL,2021-01-08T21:58:15+00:00,1735516.0,65537.0,0.0217624904282498,5817.31,0.97387,204.0
4125829,dj TAKA - quaver [NiNo's Extra] by Monstrata,423527,3:24,6.13,HD,99.0,20272150.0,Ch3rryL,2021-01-08T21:58:15+00:00,1735516.0,65537.0,0.0217624904282498,5817.31,0.97387,204.0
4123786,Serenity - Lionheart [Collab Extra] by AdeAAa,1390922,3:50,5.44,NM,95.86,23405529.0,M4v,2021-05-14T18:44:26+00:00,4826020.0,65822.0,0.0218271581684712,5809.06,0.981251,230.0
4125298,Tsukuyomi - Absolute zero [Disillusionment] by Impen,2226142,3:36,6.63,NM,94.32,34614356.0,Rei Misses Tuyu,2023-10-13T17:53:37+00:00,2069919.0,66026.0,0.0219248698142366,5803.33,0.97997,216.0
4124527,55x55 - MY REZHEM KINOLENTY (feat. Cut The Crap) [CUT THE INSANE] by Shmiklak,816264,0:46,5.2,HDDT,97.68,16750280.0,Yucagen,2020-04-16T16:02:25+00:00,450923.0,24675.0,0.0240915743441087,5802.59,0.971065,46.0
4126235,Mizuki Nana x T.M.Revolution - Kakumei Dualism [Resonance] by Dailycare,2008892,3:55,7.34,SV2NF,91.44,36887266.0,atr,2024-10-23T00:03:19+00:00,1718623.0,66053.0,0.0219338355472052,5802.28,0.975721,235.0
4124604,Aziya - bbydoll (nightcore & cut ver.) [choose me] by riot1133,2374386,0:57,6.46,NM,98.38,13315530.0,JoseRGS,2018-10-25T23:35:43+00:00,2193745.0,66109.0,0.0219223299103561,5800.81,0.981668,57.0
4124258,Yamajet feat. haru*ama*nya - Sweets Holic (Cut Ver.) [Lemaire's Ex] by Mita,2340299,1:30,7.6,NM,95.67,26213187.0,Salame,2021-09-30T02:45:53+00:00,2207064.0,66225.0,0.0219607965377382,5798.24,0.920011,90.0
4127073,Hikarinonakani - MOVE ON! [YOU & I!] by xHappy-,1758846,3:56,6.24,NM,98.31,28226323.0,Milligat,2022-01-12T20:46:56+00:00,3341737.0,66313.0,0.0220201722350509,5795.08,0.982902,236.0
4126423,Arash - Temptation (feat. Rebecca) (Nightcore Mix) [Parad0xa & -AzuMi's Extreme] by silver tail,2235601,2:54,7.27,NM,94.87,28226323.0,Milligat,2022-01-12T20:46:56+00:00,3343694.0,66326.0,0.0220244890694432,5795.08,0.982902,174.0
4125907,Sawai Miku - Colorful.(Anime ver.) [Insane] by No Dap,260115,1:28,5.82,HDDT,97.76,32677248.0,nikuiuu,2023-01-28T10:08:22+00:00,3938332.0,66367.0,0.0220381037009881,5793.42,0.969814,88.0
4123983,sekai - God-ish [Kuse's Expert] by seros,1759764,3:22,6.08,HDHR,95.28,32440780.0,1njc,2023-01-03T20:02:40+00:00,997750.0,66397.0,0.0220178332610978,5792.69,0.959393,202.0
4125795,Reol - No title [Fast's Expert] by VINXIS,320118,1:20,5.99,NM,96.05,13159022.0,puperock,2018-09-26T19:09:52+00:00,3987499.0,66471.0,0.0220726383761264,5791.06,0.979547,80.0
4125728,Gawr Gura - REFLECT [REDEMPTION] by Cynplytholowazy,1498251,4:01,5.91,SV2NF,93.7,32097684.0,BikutaPankeki,2022-11-26T15:06:46+00:00,960011.0,66733.0,0.0221596391923402,5782.78,0.982245,241.0
4125810,BAD NERVES - ANTIDOTE [Reform's EXTRA] by Log Off Now,2192808,1:47,6.45,SV2NF,98.57,32097684.0,BikutaPankeki,2022-11-26T15:06:46+00:00,960011.0,66733.0,0.0221596391923402,5782.78,0.982245,107.0
4125775,Yorushika - Semi-Transparent Boy [Illusory] by Ratarok,1638057,4:39,6.1,SV2NF,95.93,32097684.0,BikutaPankeki,2022-11-26T15:06:46+00:00,960011.0,66733.0,0.0221596391923402,5782.78,0.982245,279.0
4126190,UNDEAD CORPORATION - Embraced by the Flame [Extra] by Yumerios,1151004,4:02,6.61,NM,90.18,36636935.0,Vueroeruko,2024-09-04T19:51:28+00:00,1561713.0,66830.0,0.0221918494181903,5780.3,0.976166,242.0
4126313,Araki - Chiisana Koi no Uta (Synth Rock Cover) [Together] by Shishou,613207,3:42,8.07,NM,95.97,36092017.0,BTMC Accuracy,2024-06-06T01:54:57+00:00,2222091.0,66934.0,0.0222263840933286,5777.88,0.935548,222.0
4126460,UNDEAD CORPORATION - Embraced by the Flame [Extra] by Yumerios,1151004,4:02,6.61,NM,98.65,34422271.0,hd6970,2023-09-10T11:21:04+00:00,1768347.0,67084.0,0.0222761937209319,5773.73,0.979383,242.0
4124740,Levaslater - NNRT [Extra] by my angel shimon,2376493,2:10,6.37,NM,94.41,33958280.0,HatTieu,2023-06-28T09:05:23+00:00,1246559.0,67152.0,0.022268197947938,5772.11,0.980832,130.0
4125704,Babe - Oh My Little Baby Boy (Cut Ver.) [My Toy] by scarlet,2339332,0:45,8.02,NM,91.0,20566839.0,KatrxD,2021-01-24T10:17:50+00:00,516110.0,67141.0,0.0222951213794211,5772.11,0.940877,45.0
4125249,kessoku band - Guitar to Kodoku to Aoi Hoshi [Akitoshi's Extreme] by ponbot,1880007,3:41,6.49,NM,98.47,21472596.0,wxing035,2021-03-01T13:49:42+00:00,2390568.0,67293.0,0.0223455951353925,5767.71,0.987464,221.0
4125764,Jessie J - Domino (Nightcore & Cut Ver.) [Insane] by Kumocha,2382142,1:09,5.81,DT,100.0,33235663.0,syna-psis,2023-03-26T17:48:32+00:00,2322968.0,67627.0,0.0224565045728558,5758.32,0.986093,69.0
4125957,Blue Stahli - Shotgun Senorita (Zardonic Remix) [P A N's HD Challenge] by Notto27,130898,2:12,5.01,SV2NFHD,95.21,10771616.0,EDn,2017-09-01T11:07:52+00:00,2427332.0,68061.0,0.0226006204287214,5746.03,0.965543,132.0
4125926,Lirico En La Casa - Marianela [Que pasa??] by Mercron,1514381,1:48,7.9,SV2NF,90.51,10771616.0,EDn,2017-09-01T11:07:52+00:00,2427332.0,68061.0,0.0226006204287214,5746.03,0.965543,108.0
4124621,siinamota - Young Girl A (hoodtrap/jerk) [Far] by axol,2301286,0:24,5.42,NM,98.65,21403364.0,alxv,2021-02-26T16:09:02+00:00,1435896.0,68399.0,0.0226817141922953,5737.39,0.97711,24.0
4124612,"Aline Barros - Eu Li Na Biblia (Sped Up & Cut Ver.) [Lute, lute, lute] by riot1133",2411374,1:16,6.88,NM,97.22,21403364.0,alxv,2021-02-26T16:09:02+00:00,1435896.0,68399.0,0.0226817141922953,5737.39,0.97711,76.0
4124840,Yorushika - Deep Indigo [Delis & Mirash Collab Extra] by Sing,949288,3:37,6.58,NF,97.48,32324327.0,FraudChi,2022-12-23T13:34:06+00:00,2684818.0,68866.0,0.0228365755283938,5724.93,0.971358,217.0
4127262,P*Light - YELLOW SPLASH!! [Special Splash!!] by Minakami Yuki,363882,1:46,6.12,NM,94.99,33135856.0,chopperdoctor,2023-03-17T19:02:51+00:00,2861495.0,69354.0,0.0230299794186618,5712.87,0.980579,106.0
4124906,Ryu - I'm so Happy [happy] by TheBushy,1804992,1:35,5.47,SV2NFHD,96.61,29450921.0,wyncxxx,2022-04-02T19:12:22+00:00,4391726.0,69475.0,0.0230701591849285,5709.98,0.975623,95.0
4125272,*namirin - Daidai Genome [Ram's Insane] by - Nilou -,2171754,3:23,5.78,HDNC,96.65,35138156.0,jarru,2024-01-07T00:14:19+00:00,1431096.0,69605.0,0.0231133275288513,5706.92,0.986428,203.0
4126603,Hanasaka Yui(CV: M.A.O) - Harumachi Clover [Masha's Insane] by Djulus,600702,0:29,5.76,HDDT,100.0,28479861.0,OverBlue,2022-01-27T09:34:44+00:00,935833.0,70484.0,0.0234052119466067,5683.61,0.98063,29.0
4125180,Reol - No title -10 Years Later Edition- (Cut Ver.) [Smoke's Extra] by Sotarks,2436628,1:27,6.22,HR,99.76,31651931.0,Wattka,2022-10-11T16:57:08+00:00,2003125.0,70732.0,0.0234875638642441,5676.09,0.983256,87.0
4125507,Cascada - How Do You Do (Nightcore Mix) [Insane] by Asphyxia,203787,2:33,5.13,NM,98.38,19577954.0,feetusbeetus,2020-11-28T12:11:30+00:00,1691558.0,70812.0,0.0235141289989659,5674.16,0.9906,153.0
4125555,Mary - Artificial Rose [Another] by Urushi38,99434,2:24,5.33,NM,99.37,19577954.0,feetusbeetus,2020-11-28T12:11:30+00:00,1691558.0,70812.0,0.0235141289989659,5674.16,0.9906,144.0
4125341,Hanatan - Tell Your World [Insane] by Gibune,2006106,3:51,5.3,SV2NFDT,97.54,18616423.0,Suruya,2020-09-22T08:44:25+00:00,2529902.0,70855.0,0.0235284077588789,5672.87,0.981374,231.0
4127032,Junichi Masuda - Battle! (Champion) [Challenge!] by jixxi,2119739,1:25,6.37,NM,93.24,25549911.0,FlameOfWar,2021-08-26T22:37:21+00:00,2911289.0,71323.0,0.0236838137970011,5661.12,0.95589,85.0
4127060,Junichi Masuda - Sentou! Champion Iris [Dragon Queen] by Sotarks,2239337,1:43,6.37,NM,95.57,25549911.0,FlameOfWar,2021-08-26T22:37:21+00:00,2910942.0,71323.0,0.0236838137970011,5661.12,0.95589,103.0
4124334,Demi Lovato - Heart Attack (Rock Ver.) (Nightcore & Cut Ver.) [Reform's Extra] by Smoke,2428693,1:57,6.2,NM,97.92,11915280.0,zFriez,2018-03-15T20:02:15+00:00,3936142.0,71357.0,0.0236626131905381,5660.33,0.987935,117.0
4127238,44teru-k - F.I [Gold] by Philippines,42225,2:08,5.08,NM,98.98,11412858.0,-bleach-,2017-12-26T04:31:45+00:00,7122808.0,71581.0,0.0237694863564788,5653.89,0.989116,128.0
4124217,Alvaro Soler - El Mismo Sol (Cut Ver.) [Sunshine] by Mita,2299679,1:03,7.02,NM,95.71,36508216.0,Wenasa,2024-08-14T00:55:05+00:00,2291010.0,72755.0,0.0241262023722634,5625.12,0.975226,63.0
4126339,Turbo - PADORU / PADORU [Fiery's Extreme Gift] by KeyWee,2279697,0:31,6.14,NM,100.0,15284936.0,hubs,2019-10-01T18:43:33+00:00,1650621.0,72942.0,0.0242214257109328,5620.61,0.969794,31.0
4125519,Marcioz - Mate Um Bonito Hoje Mesmo! [Extreme] by Renamon,1024321,1:52,6.23,NM,97.13,12864660.0,NeeeL,2018-08-12T09:18:36+00:00,6447078.0,73273.0,0.024331338955844,5613.14,0.987965,112.0
4125533,ONE OK ROCK - One by One [Sotarks' Rampage] by Elinor,1148073,1:48,6.15,NM,98.61,12864660.0,NeeeL,2018-08-12T09:18:36+00:00,6447078.0,73273.0,0.024331338955844,5613.14,0.987965,108.0
4123870,"NateWantsToBattle - Chug Jug With You, but i can't anymore [PikA's Extra] by Smoke",1464487,0:50,6.69,NM,96.84,27599755.0,LUFC,2021-12-06T17:13:05+00:00,1468969.0,73607.0,0.0244087331182076,5605.83,0.965647,50.0
4126412,yuikonnu - Heart no Atoaji [Heart] by Fycho,547504,3:25,6.53,NM,98.58,35787837.0,bomite,2024-04-19T19:54:46+00:00,1487491.0,74022.0,0.0245800550296765,5594.58,0.981356,205.0
4127215,Zensou Sagi no Hito - Ginza vs Ginza [Ex] by Delis,638950,4:44,6.54,NM,91.97,38780292.0,chaipei,2025-11-23T18:57:07+00:00,693430.0,75031.0,0.0249151077913547,5569.58,0.972388,284.0
4127190,cygnus - Violet SunLight [ratarok's Expert] by Sanch-KK,2152760,3:20,5.91,NM,91.56,38780292.0,chaipei,2025-11-23T18:57:07+00:00,693430.0,75031.0,0.0249151077913547,5569.58,0.972388,200.0
4125003,love solfege - Vanity Clock [adlol's Extra] by Parachute,609057,4:10,5.77,NM,98.74,18409008.0,Hamic,2020-09-06T18:55:11+00:00,942462.0,75024.0,0.0249127833420666,5569.58,0.994249,250.0
4127093,TERRA - EDEN [Heaven] by sahuang,905422,2:00,6.67,NM,96.53,38780292.0,chaipei,2025-11-23T18:57:07+00:00,693430.0,75031.0,0.0249151077913547,5569.58,0.972388,120.0
4125713,SAKURAKOU K-ON BU - Happy!? Sorry!! [Kagetsu's Extra] by pkhg,526180,1:28,5.39,NM,100.0,38257602.0,F4keLu3as,2025-08-02T10:34:15+00:00,1684441.0,75318.0,0.025010410212169,5563.01,0.986119,88.0
4126317,Koda Kumi - Guess Who Is Back (TV Size) [Fiery's Extreme] by Sotarks,906786,1:28,5.95,NM,98.46,38257602.0,F4keLu3as,2025-08-02T10:34:15+00:00,1683382.0,75319.0,0.0250107422763531,5563.01,0.986119,88.0
4125699,Suzuyu - Mezameta Asa ni wa Kimi ga Tonari ni (TV Size) [Insane] by Kawaiwkyik,143812,1:37,5.92,DT,98.39,38257602.0,F4keLu3as,2025-08-02T10:34:15+00:00,1684441.0,75318.0,0.025010410212169,5563.01,0.986119,97.0
4126775,S3RL - Bass Slut (Original Mix) [Indecent Insane] by Fatfan Kolek,983911,2:18,6.29,HDDT,98.26,12883100.0,VolodEYA,2018-08-14T06:26:58+00:00,2873787.0,75456.0,0.0250562350695641,5559.86,0.980248,138.0
4124713,Paramore - Still Into You [_vanity's Insane] by Rizen,301830,3:33,5.7,HDNC,99.33,13362272.0,chocobuu,2018-11-03T16:34:02+00:00,1246271.0,75611.0,0.0250732772671185,5556.04,0.982191,213.0
4125186,HO-KAGO TEA TIME - Kira Kira Days [Shiawase!!] by Kagetsu,444335,1:30,5.77,HD,98.53,5417168.0,Clutchplay,2014-12-25T05:19:54+00:00,2767226.0,75685.0,0.0251322777677051,5554.31,0.987368,90.0
4125565,Mitsukiyo - Unwelcome School [Sotarks' Classroom Disorder] by Fu Xuan,2120192,2:00,6.22,NM,97.19,28673314.0,kohane,2022-02-07T11:31:49+00:00,4361457.0,75989.0,0.0252332252796478,5547.53,0.98671,120.0
4125463,bo en - My Time [Another] by Rita Summers,2210750,1:12,5.31,NM,94.28,28673314.0,kohane,2022-02-07T11:31:49+00:00,4361457.0,75989.0,0.0252332252796478,5547.53,0.98671,72.0
4126344,Aline Barros - Eu Li Na Biblia (Sped Up & Cut Ver.) [God Gives You Strength To Kill Lions] by Toyama Rin,2260805,1:21,6.66,NM,96.35,28673314.0,kohane,2022-02-07T11:31:49+00:00,4361457.0,75989.0,0.0252332252796478,5547.53,0.98671,81.0
4124781,The Beaches - Blame Brett (Sped Up & Cut Ver.) [Take & Amats' Insane] by Sapl,2413378,1:30,5.89,NC,95.98,28673314.0,kohane,2022-02-07T11:31:49+00:00,4361457.0,75989.0,0.025198625414967,5547.53,0.98671,90.0
4125415,Halocene - Carol of the Bells (Rock Cover) (Nightcore & Cut Ver.) [Merry Christmas :3c] by GodHacc,2476973,1:56,5.73,NM,99.43,28673314.0,kohane,2022-02-07T11:31:49+00:00,4361457.0,75989.0,0.0252332252796478,5547.53,0.98671,116.0
4124226,VINXIS - Sidetracked Day (Short Ver.) [A r M i N's Extra] by Sotarks,771159,2:09,5.89,NM,93.79,36520785.0,Waifuwu_,2024-08-16T04:39:25+00:00,968337.0,76383.0,0.0253292793045233,5538.69,0.975752,129.0
4124881,Thalia - Arrasando [Experto] by Krisom,1930803,3:53,5.6,NM,98.43,21155769.0,crazykirill,2021-02-17T09:40:07+00:00,5083200.0,76473.0,0.0253591241016301,5535.99,0.978386,233.0
4124755,Helblinde - Grief & Malice [Very Hard] by Okoratu,1846720,3:41,5.98,DT,98.56,13855675.0,Vanfrost,2019-01-30T16:31:42+00:00,2215422.0,76820.0,0.0254741923749196,5526.98,0.98206,221.0
4124743,Ke$ha - Backstabber (Sped Up & Cut Ver.) [DMK's Insane] by payney,2288193,1:05,6.4,DT,97.77,13855675.0,Vanfrost,2019-01-30T16:31:42+00:00,2215422.0,76820.0,0.0254741923749196,5526.98,0.98206,65.0
4124052,nameless - Milk Crown on Sonnetica [Reol's XtrA] by Len,327557,3:33,6.28,NM,90.12,22011983.0,-Nao-,2021-03-22T16:31:55+00:00,2602842.0,77592.0,0.0257301944123244,5508.83,0.98908,213.0
4123839,KISIDA KYODAN & THE AKEBOSI ROCKETS - Shitteru? Madousho wa Donki ni mo Naru no yo [shitteru?] by SMOKELIND,922004,1:23,6.41,NM,96.15,18771081.0,LilyNightMoon,2020-10-04T13:19:52+00:00,3235723.0,77933.0,0.0258432730324734,5501.84,0.983964,83.0
4124206,renforshort - hate the way you love me (nightcore & cut ver.) [insane] by Mimari,2463664,1:04,6.35,HDDT,96.86,18771081.0,LilyNightMoon,2020-10-04T13:19:52+00:00,3235276.0,77933.0,0.0258432730324734,5501.84,0.983964,64.0
4124028,They Might Be Giants - Boss Of Me (TV Size) [Tatan's Light Insane] by Cris-,1006284,0:29,5.48,HDNC,98.48,8880241.0,Naren,2016-08-20T22:44:13+00:00,4099592.0,78242.0,0.0259457401692067,5494.0,0.988622,29.0
4124171,Roses Epicurean - Yoru no Kodomo tachi [Shiro's Hollow] by CodeS,325112,0:52,5.35,HDNC,99.13,8880241.0,Naren,2016-08-20T22:44:13+00:00,4099592.0,78242.0,0.0259457401692067,5494.0,0.988622,52.0
4124152,PSY - GANGNAM STYLE [OPPAN YEAH30 STYLE] by yeahyeahyeahhh,55799,3:37,5.41,HDNC,96.62,8880241.0,Naren,2016-08-20T22:44:13+00:00,4099592.0,78242.0,0.0259457401692067,5494.0,0.988622,217.0
4124105,Weezer - Buddy Holly [Hyper] by Ruiz Duchamp,2022594,2:38,5.53,HDNC,97.67,8880241.0,Naren,2016-08-20T22:44:13+00:00,4099592.0,78242.0,0.0259457401692067,5494.0,0.988622,158.0
4124094,La Oreja De Van Gogh - Pop [Alocado] by Krisom,1337089,2:25,6.48,HDNC,93.16,8880241.0,Naren,2016-08-20T22:44:13+00:00,4099592.0,78242.0,0.0259457401692067,5494.0,0.988622,145.0
4124589,Alvaro Soler - El Mismo Sol (Cut Ver.) [Sunshine] by Mita,2299679,1:03,7.02,NM,96.67,18771081.0,LilyNightMoon,2020-10-04T13:19:52+00:00,3233727.0,78337.0,0.0259772430105972,5492.51,0.983789,63.0
4126055,lasah - GHOST OF LORELEY [Expert] by moph,486177,4:14,5.8,NM,97.11,13049057.0,mastapiece0,2018-09-07T15:35:23+00:00,3855046.0,78721.0,0.0261404246303959,5483.48,0.983321,254.0
4123822,Netherwalker - Thine King Weeps for Mercy [Astronic's Extra] by NaPiii_,2351846,2:41,6.39,NM,96.06,37335503.0,eno1124,2025-01-22T01:22:17+00:00,2222779.0,78855.0,0.0261490163983895,5481.35,0.950514,161.0
4126966,VINXIS - Sidetracked Day (Short Ver.) [Extreme] by Firiiu,2310753,2:08,6.34,NM,93.29,37335503.0,eno1124,2025-01-22T01:22:17+00:00,2220128.0,78825.0,0.0261749593055342,5481.35,0.950514,128.0
4125619,Manticora - Humiliation Supreme [Extra] by Urition,2364885,2:32,6.4,HR,94.42,20141849.0,kanekatsu,2021-01-01T08:06:53+00:00,3197535.0,78969.0,0.0262227765480334,5478.04,0.978162,152.0
4125006,Sasaki Sayaka - Unravel Sky [Final Bullet] by tomatas95,2187360,1:42,6.58,NM,98.14,32252126.0,n1araiko,2022-12-15T03:19:34+00:00,695006.0,79031.0,0.0262433645274427,5476.42,0.979458,102.0
4126913,Yamajet feat. haru*ama*nya - Sweets Holic (Cut Ver.) [Kumocha's Extreme] by Mita,2340299,1:30,7.21,NM,93.97,26516995.0,Camyy,2021-10-14T07:46:00+00:00,785926.0,79943.0,0.0265462070632708,5455.07,0.953971,90.0
4123975,Phoneboy - Nevermind (feat. Justin Magnaye) (Nightcore Mix) [Mekadon's Extreme] by -aly,2287284,2:34,6.67,NM,97.99,23785854.0,Bazzy,2021-05-31T13:48:46+00:00,1290244.0,80107.0,0.0265641906870305,5450.91,0.983587,154.0
4123837,Aziya - bbydoll (nightcore & cut ver.) [choose me] by riot1133,2374386,0:57,6.46,NM,93.98,6259461.0,baccano,2015-04-02T15:30:16+00:00,4347902.0,80148.0,0.0265777866501569,5450.46,0.980632,57.0
4126700,Erika - I Don't Know (Nightcore & Cut Ver.) [Kumocha's Extra] by Mita,2479183,0:42,7.3,HDDT,91.92,34194230.0,Tripendence,2023-08-03T20:34:19+00:00,1568228.0,80270.0,0.026654792051446,5447.49,0.951393,42.0
4124468,Paramore - Still Into You (Nightcore & Cut Ver.) [Expert] by aaeky,2499570,1:00,7.14,HDDT,92.08,34194230.0,Tripendence,2023-08-03T20:34:19+00:00,1568228.0,80270.0,0.0266182429306794,5447.49,0.951393,60.0
4125498,Project Grimoire - Aenbharr [Kuse's Insane] by Star Stream,1367187,2:18,5.26,NM,99.54,16924746.0,DrunkStream763,2020-05-02T10:48:29+00:00,3292177.0,80732.0,0.0268082057044642,5437.77,0.984943,138.0
4126177,Viatores Nebulae feat. Megurine Luka - Heart of Epitaph [Kuroise's Locusn't Another] by -Hitomi,2412283,2:25,5.24,NM,97.89,19127514.0,Remy16,2020-10-31T13:34:51+00:00,1763987.0,80738.0,0.0268101980895683,5437.47,0.979513,145.0
4124124,renforshort - hate the way you love me (nightcore & cut ver.) [kuki's expert] by Mimari,2463664,1:04,7.08,DT,94.29,12805565.0,Hopeenuoli,2018-08-05T13:16:19+00:00,4018601.0,81085.0,0.0268885041489242,5428.07,0.966558,64.0
4124888,Yuaru - Asu no Yozora Shoukaihan [Sky Arrow] by Akitoshi,384772,2:53,6.37,NM,91.0,36096736.0,Kjetsu,2024-06-06T20:31:09+00:00,4055728.0,81308.0,0.0269624529239776,5423.38,0.991166,173.0
4124829,SOOOO - Raven Haven [Hazulade's Insane] by Cris-,935098,4:09,5.05,NM,98.72,36096736.0,Kjetsu,2024-06-06T20:31:09+00:00,4055728.0,81308.0,0.0269624529239776,5423.38,0.991166,249.0
4124874,Yuaru - Asu no Yozora Shoukaihan [dqs01733's Extra] by Akitoshi,384772,2:53,5.62,NM,95.17,36096736.0,Kjetsu,2024-06-06T20:31:09+00:00,4055728.0,81308.0,0.0269624529239776,5423.38,0.991166,173.0
4124922,IC3PEAK - VAMPIR (feat. Oli Sykes of Bring Me The Horizon) [Alumetri's Extra] by Daycore,2116069,2:20,5.9,NM,95.2,36096736.0,Kjetsu,2024-06-06T20:31:09+00:00,4055728.0,81308.0,0.0269994746744608,5423.38,0.991166,140.0
4124653,Jessie J - Domino (Whippa Hardstyle Remix) (Sped Up & Cut Ver.) [Nymphe's Expert] by riot1133,2225625,1:37,5.55,NM,99.79,36096736.0,Kjetsu,2024-06-06T20:31:09+00:00,4055728.0,81308.0,0.0269624529239776,5423.38,0.991166,97.0
4124616,glaive - i wanna slam my head against the wall [serotonin w/ ryxliee] by Tachibana_,1685032,1:46,5.16,NM,98.9,36096736.0,Kjetsu,2024-06-06T20:31:09+00:00,4055728.0,81308.0,0.0269624529239776,5423.38,0.991166,106.0
4125008,Reol - No title [+title-] by Sakaue Nachi,388782,3:34,6.25,NM,97.49,29431943.0,Image_,2022-04-01T16:18:23+00:00,2042027.0,81658.0,0.0271156971388685,5415.41,0.970208,214.0
4125711,Araki - Chiisana Koi no Uta (Synth Rock Cover) [Together] by Shishou,613207,3:42,8.07,NM,95.13,37155267.0,Wltas,2024-12-19T23:53:41+00:00,1811933.0,81997.0,0.027228266897252,5407.23,0.985768,222.0
4125292,Roselia - Legendary [a] by pedeko,2204862,4:32,6.18,HD,92.55,11369417.0,Uika Misumi,2017-12-19T12:41:41+00:00,3414052.0,82264.0,0.0273169280343859,5402.23,0.974334,272.0
4125670,uniy - Kokoro Vitamin (Game Ver.) [Another] by tomatas95,2451775,1:43,6.03,DT,96.65,25942438.0,Suzu-_-,2021-09-17T08:48:17+00:00,1575138.0,82426.0,0.0273707224321974,5398.64,0.970966,103.0
4126289,Porcelain Black - Pretty Little Psycho (Nightcore & Cut Ver.) [Ram's Extra] by Mita,2390209,0:53,5.79,HR,92.86,32525551.0,Maidia,2023-01-12T19:22:28+00:00,2546105.0,82448.0,0.0273780278442459,5397.9,0.97803,53.0
4126695,IOSYS - Tanoshii Yoru no Ochakai - Ringo's Tea Party [Extra] by Frey,374858,3:10,6.0,NM,99.56,18365994.0,PETIT_Mur,2020-09-03T17:36:50+00:00,1396425.0,82713.0,0.0274660248530117,5391.84,0.984161,190.0
4126469,Ke$ha - Backstabber (Sped Up & Cut Ver.) [Kumocha's Expert] by payney,2288193,1:05,6.95,DT,95.11,36710946.0,faszfasz123,2024-09-18T15:42:37+00:00,685690.0,83202.0,0.0276284042389985,5381.52,0.940734,65.0
4126415,"Bridgit Mendler, Adam Hicks, Naomi Scott and Hayley Kiyoko - Determinate (Nightcore & Cut Ver.) [Kumocha's Expert] by My Angel Ram",2425417,1:14,7.36,DT,92.59,36710946.0,faszfasz123,2024-09-18T15:42:37+00:00,685690.0,83202.0,0.0276284042389985,5381.52,0.940734,74.0
4126393,"Bridgit Mendler, Adam Hicks, Naomi Scott and Hayley Kiyoko - Determinate (Nightcore & Cut Ver.) [Kumocha's Expert] by My Angel Ram",2425417,1:14,7.36,DT,92.96,36710946.0,faszfasz123,2024-09-18T15:42:37+00:00,685690.0,83202.0,0.0276284042389985,5381.52,0.940734,74.0
4126573,"Bridgit Mendler, Adam Hicks, Naomi Scott and Hayley Kiyoko - Determinate (Nightcore & Cut Ver.) [Kumocha's Expert] by My Angel Ram",2425417,1:14,7.36,DT,95.37,36710946.0,faszfasz123,2024-09-18T15:42:37+00:00,685690.0,83202.0,0.0276284042389985,5381.52,0.940734,74.0
4125451,ALiCE'S EMOTiON - Dark Flight Dreamer [CRN's Extra] by Sakaue Nachi,185250,3:09,6.19,NM,99.45,17886076.0,Geidoragon,2020-07-28T15:31:38+00:00,1268645.0,83355.0,0.0276792100591539,5377.59,0.989182,189.0
4126580,Jessie J - Domino (Nightcore & Cut Ver.) [Desire] by Kumocha,2382142,1:09,6.42,HDNC,97.55,30323635.0,KISOUNEE,2022-06-14T22:12:49+00:00,4344314.0,83589.0,0.027756913078215,5373.59,0.986314,69.0
4124078,F-777 - Airborne Robots [Drop's Extra] by CookieBite,632505,1:33,6.38,NM,97.34,10013139.0,TheKrowned,2017-04-07T05:57:39+00:00,3629978.0,83628.0,0.027731785471619,5373.31,0.986224,93.0
4127127,Foreground Eclipse - To The Terminus [Extreme] by Raijodo,2005330,3:25,6.67,NM,95.46,10617517.0,scrollock,2017-08-05T22:28:24+00:00,1464736.0,84230.0,0.0279697662201731,5359.93,0.980683,205.0
4125363,Niji no Conquistador - Zutto Summer de Koishiteru [Akitoshi's Extreme] by Sotarks,1263383,4:42,6.38,HD,92.7,14030918.0,i luv Nadeshiko,2019-03-03T07:24:11+00:00,3460587.0,85454.0,0.028376212781416,5333.33,0.977774,282.0
4126814,Manticora - Humiliation Supreme [Extra] by Urition,2364885,2:32,6.1,NM,99.24,12465418.0,YoungTriHard,2018-06-13T18:03:01+00:00,3678149.0,85500.0,0.0283914877338811,5332.31,0.982403,152.0
4125979,Will Stetson - Snow Halation (feat. BeasttrollMC) [Reform's Extra] by Sotarks,881764,1:46,7.19,HDDT,91.42,13603142.0,NotSpeed,2018-12-18T18:51:39+00:00,1726654.0,85724.0,0.028465870111102,5327.78,0.918937,106.0
4125375,Nekomata Master feat. Shimotsuki Haruka - Element of SPADA (Game Ver.) [ALLEGIANCE] by PAJWOJ,2205750,2:04,5.17,NM,94.51,36555179.0,form,2024-08-21T20:06:01+00:00,2211002.0,86934.0,0.0288676677737686,5301.31,0.983026,124.0
4125524,Konuko - Toumei Elegy [Ultimate Reverberant Gonkanau] by Awaken,219380,3:38,7.72,NM,92.35,38905009.0,re1muhakurei,2025-12-16T21:46:05+00:00,574579.0,87211.0,0.0289596495527427,5295.33,0.978229,218.0
4123726,Yorushika - Odorouze [Let's dance!] by Ratarok,2286887,4:11,6.43,NM,95.61,14324102.0,DolanDaDuck,2019-04-22T05:33:48+00:00,6476653.0,89082.0,0.0295403801762899,5256.47,0.979533,251.0
4126198,Hatsune Miku - Rubik's Cube [7x7x7] by rui,33651,2:50,5.54,NM,94.91,31016318.0,wasa6ee,2022-08-13T16:52:38+00:00,1731952.0,89109.0,0.0295899073740165,5255.93,0.982294,170.0
4126707,Foreground Eclipse - From Under Cover (Caught Up In A Love Song) [Linada's Extra] by Seni,462386,3:23,6.04,NM,98.59,32142327.0,Kaptjo,2022-12-01T21:13:56+00:00,3004813.0,89189.0,0.0296164725087382,5254.55,0.986261,203.0
4126934,OnLoong - Reactant [Extreme] by OnLoong,2320051,1:31,6.55,NM,99.47,27567456.0,Priz666,2021-12-04T20:06:38+00:00,1598782.0,89711.0,0.0297898100127977,5242.26,0.97789,91.0
4127151,Aitsuki Nakuru - Presenter* (Cut Ver.) [Merry Christmas!!] by Mita,2474192,1:18,7.08,NM,95.88,22587629.0,TageLangHigh,2021-04-11T00:43:05+00:00,1266464.0,89735.0,0.0297977795532142,5241.98,0.976045,78.0
4126332,Aziya - bbydoll (nightcore & cut ver.) [pick me] by riot1133,2374386,0:57,6.65,HDHR,95.8,32555223.0,-bonzi-,2023-01-15T14:55:16+00:00,1869837.0,89799.0,0.0298190316609916,5241.22,0.950021,57.0
4126947,Tokoyami Towa - ANEMONE [EXTRA] by Judge1st,2070410,3:14,6.42,NM,90.24,19506591.0,windswepten67,2020-11-24T01:12:58+00:00,1645592.0,90095.0,0.0299173226594622,5235.54,0.977628,194.0
4125348,Marina and the Diamonds - Bubblegum Bitch (Nightcore & Cut Ver.) [PikA's Extra] by Parad0xa,2282704,0:55,7.51,HDDT,93.51,37948488.0,sshdw,2025-05-27T23:43:48+00:00,328330.0,91058.0,0.0302371004686753,5217.19,0.975388,55.0
4127196,Yousei Teikoku - Kuusou Mesorogiwi (TV Size) [PikA's Extra] by Kuki1537,2276946,1:25,6.45,HDHR,97.7,34671171.0,Futives,2023-10-23T00:35:58+00:00,2018804.0,91676.0,0.0304423161344009,5204.04,0.968172,85.0
4125206,DJ Raisei - T.R.A.P. [Extreme] by PaRaDogi,2002366,2:00,6.39,NM,96.53,17024140.0,sundux,2020-05-11T20:25:24+00:00,1863869.0,91869.0,0.0305064045219172,5200.05,0.987578,120.0
4125182,Zekk - MEJIRUSHI [Expert] by Nao Tomori,1116742,1:55,5.96,NM,98.8,17024140.0,sundux,2020-05-11T20:25:24+00:00,1863869.0,91869.0,0.0305064045219172,5200.05,0.987578,115.0
4125123,sabi - true DJ MAG top ranker's song Zenpen (katagiri Remix) [Scub x Nathan's Insane] by Nathan,1357624,4:44,5.33,NM,99.1,17024140.0,sundux,2020-05-11T20:25:24+00:00,1863869.0,91869.0,0.0305064045219172,5200.05,0.987578,284.0
4125953,YOASOBI - Idol (TV Size) [kxlman's Insane] by Nachmark,1983927,1:28,5.96,DT,95.61,24755982.0,Ligen1,2021-07-17T13:42:11+00:00,3408495.0,91900.0,0.0305166985116219,5199.53,0.976118,88.0
4125407,Shounen Radio - neu [Platinum] by Philippines,58422,2:20,6.42,NM,91.11,13628027.0,[akasha],2018-12-22T20:21:40+00:00,2690462.0,92951.0,0.030865697969029,5179.56,0.95918,140.0
4125473,BlackY - Sthenno [Emilia's INFINITE] by Rtyzen,991780,3:04,6.45,HD,91.1,34688846.0,Klarz,2023-10-26T13:09:17+00:00,2560176.0,93178.0,0.030941076538802,5174.6,0.985161,184.0
4125611,ALiCE'S EMOTiON - Look For The Truth [SABAKI] by __Ag,485987,4:17,8.51,NM,90.84,33586830.0,jaki5646,2023-05-05T02:11:27+00:00,2426334.0,93356.0,0.0310001839635579,5171.14,0.975366,257.0
4125568,Slax - Loli Bomb [Ultimate Reverberant Gonkanau] by shoyeu,2231022,2:54,6.83,NM,90.71,33586830.0,jaki5646,2023-05-05T02:11:27+00:00,2426334.0,93356.0,0.0310001839635579,5171.14,0.975366,174.0
4125575,polysha feat. Miyo Takashiro - Logos [The seeker of oracles] by Arushii09,2069920,2:13,6.59,NM,95.87,33586830.0,jaki5646,2023-05-05T02:11:27+00:00,2426334.0,93356.0,0.0310001839635579,5171.14,0.975366,133.0
4124457,Kano - Cherry Pop (Cut Ver.) [che] by Sotarks,2464474,1:10,6.23,NM,98.08,20662206.0,Funtii,2021-01-28T19:00:50+00:00,1193398.0,93507.0,0.0310077493673732,5169.0,0.982549,70.0
4127335,DECO*27 - Chimera feat. Hatsune Miku [Extra] by Pho,1735531,2:44,6.65,NM,90.78,34581169.0,Randaox,2023-10-07T19:18:08+00:00,1885025.0,94140.0,0.0312605222838312,5156.09,0.990338,164.0
4125622,Various Artists - Yume o Kakeru! [Venyera's Insane] by kusano,1395430,4:39,5.45,NM,99.25,32579907.0,PPOMM,2023-01-18T11:33:48+00:00,4566197.0,94307.0,0.0313159770025628,5153.03,0.99138,279.0
4125581,wafur - fire exit made of undertale motifs [deppy's hitless genocide sans extra] by wafer,2077692,1:44,5.34,NM,93.01,34521147.0,SuperKyle,2023-09-27T15:48:23+00:00,3256510.0,94339.0,0.0313266030564515,5152.48,0.982492,104.0
4127154,t+pazolite - Call me it. (500 Tortures) [Terror] by Fort,291155,4:30,7.29,NM,92.83,36506408.0,Lobrodor,2024-08-13T17:55:08+00:00,1018787.0,94537.0,0.0313923517648879,5148.37,0.952315,270.0
4123984,katagiri - Breakcore Kakumei Zen'ya [Revolution (220bpm)] by Astronic,2178870,3:26,6.03,NM,95.83,36488827.0,bluecheese143,2024-08-10T19:19:21+00:00,1813329.0,95304.0,0.0316036504829385,5135.46,0.988876,206.0
4127144,3R2 - Adventure Starts Here (Sped Up Ver.) [Ancient Grove] by Amats,2367460,0:38,8.51,DT,92.49,17998941.0,sparkle,2020-08-06T19:13:12+00:00,3147492.0,95495.0,0.031710469253181,5131.23,0.98951,38.0
4127285,gingus - homeswitcher [browiecextra] by Nytrocide_,1837538,1:23,5.8,SV2HD,95.16,24454271.0,Filoxen,2021-07-04T16:02:01+00:00,2813034.0,95570.0,0.0317353740669826,5129.69,0.988634,83.0
4124972,chano & 40mP - Natsukoi Hanabi (Sped Up Ver.) [browiec's Extra] by Log Off Now,1244123,1:48,5.33,HR,97.76,29117311.0,onezaku,2022-03-09T14:27:02+00:00,1316221.0,95690.0,0.0317752217690653,5127.27,0.99399,108.0
4124000,Michael Sembello - Maniac (Nightcore & Cut Ver.) [Kumocha's Insane] by Sotarks,2464479,1:12,6.44,HDDT,96.99,35020325.0,asleepening,2023-12-20T23:33:31+00:00,2143953.0,96161.0,0.0318878392731664,5118.52,0.973677,72.0
4124020,Ke$ha - Backstabber (Sped Up & Cut Ver.) [Kumocha's Expert] by payney,2288193,1:05,6.95,HDDT,92.96,35020325.0,asleepening,2023-12-20T23:33:31+00:00,2143953.0,96161.0,0.0318878392731664,5118.52,0.973677,65.0
4125254,Ke$ha - Backstabber (Sped Up & Cut Ver.) [Kumocha's Expert] by payney,2288193,1:05,6.95,HDDT,98.28,24801685.0,FraZeer,2021-07-19T15:33:29+00:00,1066465.0,96720.0,0.0321172478786079,5106.96,0.96309,65.0
4125989,lumious2 - clarity rmx (hayakou bootleg) (cut ver.) [quantumvortex's ultra] by azumiw,2448427,0:41,7.55,HR,94.34,17411636.0,usagi fan,2020-06-16T04:23:26+00:00,2173282.0,96812.0,0.0321477977835379,5105.16,0.947746,41.0
4126269,Agnete Kjolsrud - Get Jinxed (Cut Ver.) [Extra] by Kumocha,2481038,1:12,7.68,NC,91.26,17411636.0,usagi fan,2020-06-16T04:23:26+00:00,2171662.0,96828.0,0.0321531108104823,5104.95,0.947738,72.0
4126285,"Bridgit Mendler, Adam Hicks, Naomi Scott and Hayley Kiyoko - Determinate (Nightcore & Cut Ver.) [Mita's Extra] by My Angel Ram",2425417,1:14,7.65,NC,90.07,17411636.0,usagi fan,2020-06-16T04:23:26+00:00,2171662.0,96828.0,0.0321531108104823,5104.95,0.947738,74.0
4126234,Porcelain Black - Pretty Little Psycho (Nightcore & Cut Ver.) [Ram's Extra] by Mita,2390209,0:53,7.62,DT,90.28,17411636.0,usagi fan,2020-06-16T04:23:26+00:00,2171959.0,96828.0,0.0321531108104823,5104.95,0.947738,53.0
4125345,temniy princ - otvratitel'niy korol' [200 bpm] by tupoy bezdar,2358213,1:00,5.76,NM,98.18,29679327.0,Mihotto,2022-04-18T17:53:23+00:00,1699419.0,97348.0,0.0323257841861737,5094.04,0.983339,60.0
4125205,KOTOKO - Wing my Way (Game Ver.) [Path of Hope] by Log Off Now,2412924,2:10,7.2,NM,95.42,32674582.0,corphish123,2023-01-28T02:11:03+00:00,1236816.0,97416.0,0.0323483645506872,5093.08,0.973298,130.0
4123713,Porcelain Black - Pretty Little Psycho (Nightcore & Cut Ver.) [Relentless] by Fufla,2295884,1:03,6.65,HDDT,96.24,34492893.0,sashagey,2023-09-22T20:56:24+00:00,1592429.0,98923.0,0.0328037429354878,5065.93,0.965431,63.0
4125663,Renard - Rainbow Dash Likes Girls (Stay Gay Pony Girl) [Extra] by Silverboxer,1893701,3:23,6.42,NM,98.01,36463942.0,Articat,2024-08-06T16:52:41+00:00,1016197.0,99691.0,0.0331038105693373,5052.11,0.972636,203.0
4125606,Apocalyptica - Ion [Extra] by pishifat,256723,2:08,5.79,NM,99.55,36463942.0,Articat,2024-08-06T16:52:41+00:00,1016197.0,99691.0,0.0331038105693373,5052.11,0.972636,128.0
4126034,Marina and the Diamonds - Bubblegum Bitch (Nightcore & Cut Ver.) [Tylerderp's Extra] by Parad0xa,2282704,0:55,5.59,HDHR,100.0,19860736.0,Xianyun,2020-12-15T18:50:33+00:00,3118755.0,99787.0,0.0331356887310034,5050.51,0.995877,55.0
4125466,BAND-MAID - DICE [X] by Meg,1092940,4:01,6.5,NM,97.4,27491379.0,Raddie,2021-11-30T13:18:52+00:00,2232900.0,100048.0,0.0332223574830331,5046.33,0.985709,241.0
4124416,DECO*27 - First Storm (KonranP's Japanese Ver.) [kowari's mikumiku] by MochiA,2334949,3:46,7.11,NM,95.9,37672438.0,ipickbeans,2025-03-28T02:52:04+00:00,988595.0,100252.0,0.0332444511060979,5042.95,0.982587,226.0
4124251,ONE OK ROCK - Start Again [Sotarks' Repetition] by A r M i N,1035167,2:02,5.97,NM,92.93,15670034.0,Big_Lix,2019-12-01T20:57:12+00:00,2026844.0,100297.0,0.0332593735046513,5042.03,0.984376,122.0
4124302,Ni-Sokkususu - Blade Dance [Special Kneesocks] by Sotarks,745312,2:25,5.78,NM,95.9,15670034.0,Big_Lix,2019-12-01T20:57:12+00:00,2026844.0,100297.0,0.0332593735046513,5042.03,0.984376,145.0
4124706,Turbo - PADORU / PADORU [Gift] by Sotarks,1073074,0:32,6.1,NM,95.01,16420397.0,DETRO-volcanic,2020-03-16T17:10:33+00:00,274810.0,33763.0,0.0329646940052742,5036.65,0.954789,32.0
4123851,BAND-MAID - Sense (TV Size) [Amats' Insane] by HabiHolic,1738864,1:25,6.27,HDDT,94.27,25461482.0,-Scarlet,2021-08-21T21:05:12+00:00,3791649.0,101899.0,0.0337906108931519,5012.67,0.978351,85.0
4126476,Imperial Circus Dead Decadence - Shinbatsu o Tadori Kyoukotsu ni Itaru [Extra Collab] by Kite,482382,4:24,6.1,NM,91.3,25461482.0,-Scarlet,2021-08-21T21:05:12+00:00,3791649.0,101899.0,0.0338370082876579,5012.67,0.978351,264.0
4126141,DragonForce - Ring of Fire [Extra] by MashaSG,717015,3:11,5.95,NM,95.04,7580683.0,WAMPIROS,2015-12-16T13:03:13+00:00,1469405.0,102897.0,0.0341684083433118,4993.07,0.985378,191.0
4126068,Harusaruhi - Ibasho [ponbot's Extra] by captin1,2088564,4:23,6.02,NM,98.54,7580683.0,WAMPIROS,2015-12-16T13:03:13+00:00,1469405.0,102897.0,0.0341684083433118,4993.07,0.985378,263.0
4126120,DragonForce - My Heart Will Go On [Insane] by [Karcher],1658809,3:16,5.35,NM,96.87,7580683.0,WAMPIROS,2015-12-16T13:03:13+00:00,1469405.0,102897.0,0.0341684083433118,4993.07,0.985378,196.0
4125774,THE ORAL CIGARETTES - 5150 [Extra] by Kagetsu,705655,2:38,6.14,NM,94.44,32223457.0,raikashah,2022-12-11T11:13:45+00:00,717872.0,103172.0,0.0342597259939179,4987.79,0.965477,158.0
4125884,satirin - matushka [FUNK] by _kiria,2347238,2:19,6.66,NM,95.11,31674410.0,GamingAt_Sco0l,2022-10-14T06:29:26+00:00,252273.0,103378.0,0.0343281312158264,4984.32,0.984277,139.0
4124605,Kano - Cherry Pop (Cut Ver.) [Kuki's Extra] by Sotarks,2464474,1:10,5.92,HR,95.5,11645846.0,YoganSushi,2018-01-30T00:15:19+00:00,2541465.0,103697.0,0.034386843617574,4978.11,0.973698,70.0
4126741,Clifton David Broadbridge - Metal Fusion Theme (TV Size) [Aakki's Insane] by bokeru,2299760,0:43,6.25,DT,96.97,8573294.0,Gabreil134,2016-06-17T18:33:36+00:00,1666743.0,105413.0,0.0350038818303112,4947.65,0.952114,43.0
4127094,Hirano Aya & Katou Emiri & Fukuhara Kaori & Endou Aya - Motteke! Sailor Fuku (Metabo Taisaku Remix [GAMING 1.31x (230bpm) AR9.6] by rockstarrzz,1846912,2:45,7.27,NM,91.17,22755134.0,jabams,2021-04-17T17:59:14+00:00,906443.0,105647.0,0.0350815848493723,4942.74,0.965655,165.0
4125623,youman feat. GUMI - Worst Regret (Sped Up & Cut Ver.) [Hayakou's Extra] by Omekyu,2402889,1:35,6.36,NM,92.24,14482888.0,IaxxeI,2019-05-16T08:49:55+00:00,999964.0,106885.0,0.0354926803091916,4919.67,0.977271,95.0
4125731,KOTOKO - Wing my Way (Game Ver.) [Mekadon's Extreme] by Log Off Now,2412924,2:10,6.72,NM,96.0,36039568.0,vlad_var,2024-05-28T18:51:36+00:00,2137641.0,107172.0,0.0355879827300059,4914.37,0.942729,130.0
4125630,TOMOSUKE x Jazzin'park - LANA - Kiroku no Kakera (sasakure.UK Framework Remix) - (Game Ver.) [Atlust's 2078] by Ascended,2346598,1:46,6.22,NM,92.9,36039568.0,vlad_var,2024-05-28T18:51:36+00:00,2137641.0,107172.0,0.0355879827300059,4914.37,0.942729,106.0
4125717,KOTOKO - Wing my Way (Game Ver.) [Mekadon's Extreme] by Log Off Now,2412924,2:10,6.72,NM,94.41,36039568.0,vlad_var,2024-05-28T18:51:36+00:00,2137641.0,107172.0,0.0355879827300059,4914.37,0.942729,130.0
4125613,"THE BINARY - Hana ni Ame o, Kimi ni Uta o [KogumaX & ponbot's Collab Expert] by ponbot",1179276,4:13,6.83,NM,91.17,36039568.0,vlad_var,2024-05-28T18:51:36+00:00,2137641.0,107172.0,0.0355879827300059,4914.37,0.942729,253.0
4126074,Green Day - Bang Bang [Mommy's Little Soldier] by - Drummer-,538927,3:24,7.4,NM,91.89,36821972.0,WolfVee,2024-10-10T12:53:44+00:00,3217309.0,107451.0,0.035680628637348,4909.15,0.913691,204.0
4126713,ONE OK ROCK - American Girls (Juztan Remix) [Extreme] by Tylerderp,2352698,0:44,6.73,NM,94.92,20262738.0,Belly Enjoyer,2021-01-08T12:13:32+00:00,2375735.0,108705.0,0.0360970371241116,4885.42,0.974946,44.0
4125969,S3RL feat Sara - Techno Kitty [Extreme] by Bakari,345450,1:51,5.75,HDDT,98.92,18780375.0,Aiami,2020-10-05T10:06:21+00:00,1909983.0,108789.0,0.0361249305155694,4884.09,0.982557,111.0
4126487,Seiryu - BLUE DRAGON [Kyshiro's Extra] by Blue Dragon,326920,2:53,6.17,NM,98.46,33471183.0,Syntix,2023-04-19T16:03:38+00:00,2060951.0,108817.0,0.0361342283127221,4883.35,0.980426,173.0
4126506,DragonForce - My Heart Will Go On [Insane] by [Karcher],1658809,3:16,5.53,HR,94.92,33471183.0,Syntix,2023-04-19T16:03:38+00:00,2060951.0,108817.0,0.0361342283127221,4883.35,0.980426,196.0
4123815,LiSA - EGOiSTiC SHOOTER [vs 0108] by eLy,102293,1:19,7.25,NM,97.21,27859051.0,Dodge,2021-12-23T00:33:35+00:00,1606446.0,110044.0,0.0364915650313154,4860.35,0.974533,79.0
4123797,Risshuu feat. Choko - Take [nika mika's Extra] by yf_bmp,1376486,2:20,6.87,NM,91.05,27859051.0,Dodge,2021-12-23T00:33:35+00:00,1606446.0,110044.0,0.0364915650313154,4860.35,0.974533,140.0
4123847,Manchujova & M1dlet - Lietuvos Laukai [O DABAR VISI IDEMIAI] by Mazzerin,1161131,3:27,7.4,NM,95.23,27859051.0,Dodge,2021-12-23T00:33:35+00:00,1606446.0,110044.0,0.0364915650313154,4860.35,0.974533,207.0
4126256,Kano - Cherry Pop (Cut Ver.) [che] by Sotarks,2464474,1:10,6.23,NM,97.53,21187729.0,_nxxe_,2021-02-18T12:32:48+00:00,2171718.0,110192.0,0.0365908165657523,4857.93,0.98251,70.0
4127266,Hechizeros Band x Koji Kondo - El Sonidito x Athletic Theme (DitzyFlama Mashup) [Kuki's CHEESY ENCHILADAS] by Fuxi66,2253247,0:31,5.81,NM,98.77,21187729.0,_nxxe_,2021-02-18T12:32:48+00:00,2169335.0,110214.0,0.0365981219778008,4857.5,0.982471,31.0
4126712,Metaleiro - COCORICO METAL [TURMA DO JULIO] by yShadowXOP_,1264392,0:58,6.34,NM,97.36,38551236.0,rggg,2025-10-05T01:35:03+00:00,668930.0,111010.0,0.0368624450682823,4843.19,0.970682,58.0
4126311,"Fear, and Loathing in Las Vegas - Let Me Hear [Guy's Parasyte] by Aerous",260405,1:27,5.73,NM,97.37,15685056.0,1Shot_1Kill,2019-12-04T10:40:00+00:00,2072137.0,111323.0,0.0369663811578812,4837.8,0.981977,87.0
4125815,Konuko - Toumei Elegy [Riziawa's Couple Extra] by Awaken,219380,3:20,6.13,SV2HD,92.05,12419300.0,Oumyoop,2018-06-06T12:07:12+00:00,1298908.0,111627.0,0.0370673286698239,4832.52,0.989646,200.0
4125139,LiSA - Kimi ni Pierrot [Emotions] by Sotarks,441167,3:56,5.85,NM,98.83,8538079.0,Kurafuti,2016-06-10T18:20:09+00:00,3186800.0,112234.0,0.0372688916295252,4820.57,0.988909,236.0
4125265,SPYAIR - Genjou Destruction [Annihilation] by A r M i N,1175471,1:24,5.6,NM,99.38,8538079.0,Kurafuti,2016-06-10T18:20:09+00:00,3186800.0,112234.0,0.0372688916295252,4820.57,0.988909,84.0
4125179,ONE OK ROCK - Clock Strikes [A r M i N's Extra] by Sotarks,870961,1:22,5.61,NM,99.39,8538079.0,Kurafuti,2016-06-10T18:20:09+00:00,3186800.0,112234.0,0.0372688916295252,4820.57,0.988909,82.0
4125121,LiSA - Kimi ni Pierrot [Emotions] by Sotarks,441167,3:56,5.85,NM,96.93,8538079.0,Kurafuti,2016-06-10T18:20:09+00:00,3186800.0,112234.0,0.0372688916295252,4820.57,0.988909,236.0
4124901,Himeno Mizuki - Cherry Pop [Not Classic Extra] by Len,2411364,2:17,6.54,NM,98.8,18816110.0,UmaruChanmarvc,2020-10-08T16:20:03+00:00,1669669.0,112377.0,0.0372652084940945,4818.53,0.966174,137.0
4126811,Fisky - TURN IT UP [BLACK ANOTHER] by Fisky,2455736,1:53,5.9,HD,91.29,21272941.0,Egg06,2021-02-21T12:53:37+00:00,2194409.0,112474.0,0.0373485870336905,4816.86,0.990844,113.0
4125999,Reol - No title [jieusieu's Lemur] by VINXIS,320118,1:10,6.7,SV2,95.13,24060497.0,eiv,2021-06-14T10:53:44+00:00,2438768.0,112666.0,0.0374123433570227,4812.81,0.974363,70.0
4125635,UNDEAD CORPORATION - Everything will freeze [banter 2] by banter,2381418,3:13,6.06,NM,93.47,24060497.0,eiv,2021-06-14T10:53:44+00:00,2438768.0,112666.0,0.0374123433570227,4812.81,0.974363,193.0
4127134,Pixel Terror - Millennia [Extreme] by Asphyxia,1708547,2:37,6.44,NF,92.76,15703960.0,bt079tv709t4v3,2019-12-06T23:42:48+00:00,2473283.0,113429.0,0.0376657083294315,4799.15,0.976348,157.0
4125043,3R2 - Adventure Starts Here (Sped Up Ver.) [Ancient Grove] by Amats,2367460,0:38,6.05,NM,99.31,28435859.0,PYXL_BEAR,2022-01-24T18:19:54+00:00,830014.0,113829.0,0.0377985340030403,4792.78,0.98398,38.0
4124995,Dizzy Sunfist - Decided (TV Size) [Tylerderp's Extra] by Mita,2207983,1:28,6.05,NM,96.59,28435859.0,PYXL_BEAR,2022-01-24T18:19:54+00:00,830014.0,113829.0,0.0377985340030403,4792.78,0.98398,88.0
4125695,Utada Hikaru - Beautiful World [azuki's World] by avira0922,8836,2:26,5.83,SV2NFHDDT,91.62,16514025.0,Harrold,2020-03-26T13:33:39+00:00,1701091.0,114178.0,0.037914424403264,4786.02,0.987355,146.0
4125841,Krewella - Say Goodbye (Nightcore & Cut Ver.) [Broken Promises] by A r M i N,1049899,1:09,6.27,SV2NFHD,97.33,16514025.0,Harrold,2020-03-26T13:33:39+00:00,1701091.0,114178.0,0.037914424403264,4786.02,0.987355,69.0
4126961,Tomoya Ohtani - Unstoppable [Tylerderp's Extreme] by -AzuMi,2288607,0:32,7.11,HR,97.02,18322409.0,R68btk,2020-08-31T10:04:05+00:00,1168325.0,114334.0,0.0379662264159714,4783.94,0.965061,32.0
4126508,MIMI - Science (feat. Kasane Teto SV) [Research Collab] by MrTerror,2338966,3:04,6.0,NM,96.53,26981608.0,ayskomi,2021-11-03T17:31:08+00:00,1755395.0,116027.0,0.0385284110795207,4755.3,0.983555,184.0
4126419,renforshort - hate the way you love me (nightcore & cut ver.) [all your lies] by Mimari,2463664,1:04,5.79,NM,98.13,26981608.0,ayskomi,2021-11-03T17:31:08+00:00,1755395.0,116027.0,0.0385284110795207,4755.3,0.983555,64.0
4125164,Kano - Walk This Way! [Insane] by Rumia-,728975,4:02,6.45,DT,94.8,26783545.0,ImBishop,2021-10-25T22:42:16+00:00,2277595.0,116003.0,0.0385204415391042,4755.06,0.960031,242.0
4125097,Escape The Fate - Forget About Me (Cut Ver.) [Collab Another] by paperoni17,1429757,1:07,6.96,DT,90.89,26783545.0,ImBishop,2021-10-25T22:42:16+00:00,2277595.0,116003.0,0.0385204415391042,4755.06,0.960031,67.0
4125108,Will Stetson - Harumachi Clover (Swing Arrangement) [Expert] by Will Stetson,859783,0:30,7.03,DT,96.0,26783545.0,ImBishop,2021-10-25T22:42:16+00:00,2277595.0,116003.0,0.0385204415391042,4755.06,0.960031,30.0
4125458,Erika - I Don't Know (Nightcore & Cut Ver.) [Do You Know?] by Mita,2479183,0:42,5.88,NFHDHR,98.1,33272340.0,blubyonder,2023-03-29T10:56:34+00:00,981867.0,116315.0,0.038624045564519,4749.85,0.969696,42.0
4125333,UNLIMITS - Haruka Kanata (TV Size) [Astrandit's Insane] by Xandit,876133,1:24,6.59,DT,94.02,16334294.0,WhyNotFans,2020-03-05T15:21:55+00:00,2939907.0,117216.0,0.0389232353943229,4734.83,0.934421,84.0
4123989,Primary - Inai Sekai (Cut Ver.) [Noa's Slurp] by MindFreak,2349865,1:21,6.81,NM,93.53,16591358.0,Mereus,2020-04-02T21:47:09+00:00,1667614.0,117331.0,0.0389079987703943,4733.4,0.980102,81.0
4125556,ZUTOMAYO - Kan Saete Kuyashiiwa [Scub's Hard] by Nathan,1001507,3:53,5.19,DT,95.63,4521357.0,ercs,2014-06-13T17:05:33+00:00,1376051.0,117322.0,0.0389584341978292,4733.04,0.982447,233.0
4125493,Zachz Winner - blu [fufla at 3am] by Bloxi,2314502,1:04,6.44,DT,95.22,37947624.0,ppstealer,2025-05-27T19:10:35+00:00,1314734.0,117412.0,0.0389883199743912,4732.05,0.955564,64.0
4126062,Kano - Cherry Pop (Cut Ver.) [Kuki's Extra] by Sotarks,2464474,1:10,5.69,NM,99.56,18767984.0,kazak1865,2020-10-04T06:35:18+00:00,2479380.0,117657.0,0.0390696756994766,4727.38,0.980507,70.0
4126205,Porcelain Black - Pretty Little Psycho (Nightcore & Cut Ver.) [Misery] by Mita,2390209,0:53,5.77,NM,99.04,18767984.0,kazak1865,2020-10-04T06:35:18+00:00,2479380.0,117657.0,0.0390696756994766,4727.38,0.980507,53.0
4126125,PassCode - STARRY SKY [Expert] by Akitoshi,1199549,3:57,5.69,NM,97.49,18767984.0,kazak1865,2020-10-04T06:35:18+00:00,2479380.0,117657.0,0.0390696756994766,4727.38,0.980507,237.0
4124775,VINXIS - Sidetracked Day (Short Ver.) [Lost] by Firiiu,2310753,2:08,7.04,NM,90.41,15583952.0,szesc siedem,2019-11-19T09:04:12+00:00,2122989.0,119714.0,0.0396982226760105,4693.67,0.947961,128.0
4124440,Levaslater - NNRT [Extra] by my angel shimon,2376493,2:10,6.37,NM,94.08,20518556.0,SpaceyWaceyy,2021-01-22T01:52:19+00:00,1938105.0,120416.0,0.0399310120934433,4682.58,0.970209,130.0
4126321,LEAF XCEED Music Division - Guitar Vs. Piano [Insane] by JustSomeGuyXD,572823,3:50,5.37,NM,90.45,35376735.0,OBIEL8185,2024-02-13T18:29:20+00:00,309086.0,39491.0,0.0386081097463211,4667.14,0.963014,230.0
4125706,"Aiurabu (CV: Nakajima Yui, Iida Yuuko, Tamura Nao) - Kani*Do-Luck! (TV Size) [gwb's Crab Stew] by KeyWee",2310271,0:58,6.08,NM,99.74,35141445.0,vasyochek,2024-01-07T13:06:45+00:00,486389.0,121824.0,0.0404533871542962,4658.35,0.98514,58.0
4125844,HO-KAGO TEA TIME - Kira Kira Days [Shiawase!!] by Kagetsu,444335,1:30,5.77,NM,99.67,35141445.0,vasyochek,2024-01-07T13:06:45+00:00,486389.0,121824.0,0.0404533871542962,4658.35,0.98514,90.0
4127009,Comedian Harmonists - Perpetuum Mobile [Expertum] by Bonsai,316390,2:32,5.64,NM,96.31,15437815.0,Den_Tornado,2019-10-28T12:48:56+00:00,1770338.0,121971.0,0.0405022005893475,4655.62,0.958182,152.0
4127026,Hitori Tori - perthed again (yambabom remix) [Zapy's Extra] by Asphyxia,268693,2:52,6.53,NM,97.54,15437815.0,Den_Tornado,2019-10-28T12:48:56+00:00,1770338.0,121971.0,0.0405022005893475,4655.62,0.958182,172.0
4124935,TEARS OF TRAGEDY - Spring Memory [PogumaX Extra ft. rrtyui] by Yuuma3,1339896,4:04,5.68,NM,93.03,12350658.0,LukeyHikari,2018-05-28T02:31:20+00:00,2102814.0,122665.0,0.0407326531330587,4644.33,0.982952,244.0
4125552,MIMI - Mirai Reflect (Cut Ver.) [Extra] by Log Off Now,2233328,2:46,5.79,NM,92.96,21013561.0,finger lock,2021-02-12T07:04:25+00:00,6896983.0,123483.0,0.0410042816355887,4630.95,0.978558,166.0
4125861,Aitsuki Nakuru - Presenter* (Cut Ver.) [Merry Christmas!!] by Mita,2474192,1:18,7.08,NM,96.22,12894477.0,Nikolas7331,2018-08-15T17:55:36+00:00,1191504.0,123612.0,0.0410471179153276,4629.09,0.954312,78.0
4125842,Aitsuki Nakuru - Presenter* (Cut Ver.) [Merry Christmas!!] by Mita,2474192,1:18,7.08,NM,94.27,12894477.0,Nikolas7331,2018-08-15T17:55:36+00:00,1191504.0,123612.0,0.0410471179153276,4629.09,0.954312,78.0
4124641,Linkin Park - Breaking The Habit [turbo kolab] by saggi,1113116,2:58,7.45,NM,90.54,30814467.0,YUMEKO-,2022-07-25T22:57:03+00:00,1584498.0,125224.0,0.0415253874766588,4604.32,0.969773,178.0
4124505,Sueco - Loser [Amats' Insane] by Rison,1963294,2:10,5.07,HDHR,96.69,32073857.0,VelocityKrazy,2022-11-24T02:33:33+00:00,4517152.0,126646.0,0.0419969352709459,4581.88,0.994978,130.0
4126902,BAD NERVES - ANTIDOTE [EXTREME] by midwest,2313987,1:47,7.17,HR,93.59,28188809.0,muurfnn,2022-01-10T14:46:47+00:00,1059207.0,126876.0,0.0421309754119754,4578.72,0.938757,107.0
4126813,Tevvez2.0 - WINTER ARC (CUT VER.) [EXTRA] by riot1133,2272084,1:34,6.32,HR,94.44,28188809.0,muurfnn,2022-01-10T14:46:47+00:00,1059207.0,126876.0,0.0421309754119754,4578.72,0.938757,94.0
4127037,Aziya - bbydoll (nightcore & cut ver.) [extra] by riot1133,2374386,0:57,6.05,HR,97.95,37228697.0,Wadap,2025-01-03T02:46:57+00:00,1761078.0,126930.0,0.0421489068779126,4578.08,0.980853,57.0
4126598,Panda Eyes & Teminite - Highscore [Extra] by Fort,332532,4:01,6.22,HR,93.18,2415231.0,Valor,2013-03-02T17:01:15+00:00,1120153.0,127463.0,0.0423258970879963,4569.5,0.971463,241.0
4126519,Manticora - Humiliation Supreme [Extra] by Urition,2364885,2:32,6.1,NM,90.13,15002183.0,-Zei,2019-08-16T19:11:24+00:00,2241031.0,127936.0,0.0424829634470387,4561.25,0.973151,152.0
4126541,Vickeblanka - Black Catcher [Cataclysmic] by Yudragen,1100608,3:14,6.24,NM,92.28,17262104.0,Gofrr,2020-06-02T17:43:08+00:00,1439389.0,127969.0,0.0424939215651114,4560.76,0.933029,194.0
4125679,dj TAKA - quaver [Crescendo] by Monstrata,423527,3:24,7.43,NM,96.57,38417452.0,Ptite Soeur,2025-09-04T22:32:39+00:00,751320.0,127988.0,0.0425002307846078,4560.48,0.965206,204.0
4125549,Jessica Baio - bad times (sped up & cut ver.) [kumocha's expert] by Maiev,2446228,1:06,7.05,DT,92.81,37580025.0,thewarth0g,2025-03-08T01:36:35+00:00,1366172.0,128197.0,0.0425696321990684,4557.47,0.953902,66.0
4124622,S3RL - Scary Movie [Nightmare] by Nuvolina,858442,2:45,6.1,NM,91.37,36733196.0,LaLinea,2024-09-22T13:19:19+00:00,1195874.0,128280.0,0.0425387841428624,4556.8,0.97239,165.0
4124609,Demetori - U.N. Owen wa Kanojo nanoka? [Unknown] by Louis Cyphre,42247,4:47,6.05,NM,91.03,36733196.0,LaLinea,2024-09-22T13:19:19+00:00,1195874.0,128280.0,0.0425387841428624,4556.8,0.97239,287.0
4126954,Fractal Dreamers - Fortuna Redux [Extreme] by DTM9 Nowa,712974,4:06,6.06,NM,92.36,36733196.0,LaLinea,2024-09-22T13:19:19+00:00,1195874.0,128280.0,0.0425971935263423,4556.8,0.97239,246.0
4124316,Erika - I Don't Know (Nightcore & Cut Ver.) [Kumocha's Extra] by Mita,2479183,0:42,5.61,HDHR,94.19,33785585.0,animelover777,2023-06-01T22:00:14+00:00,215605.0,41458.0,0.0404777503204887,4555.97,0.94531,42.0
4126547,senya - Kasoku Suru Koi wa Dare mo Tomerarenai [Lunatic] by Scorpiour,80747,3:49,5.55,NM,95.8,35459987.0,vuluvulu,2024-02-27T19:23:27+00:00,1954665.0,128777.0,0.0427622294258012,4548.39,0.980245,229.0
4127413,Linkin Park - Breaking The Habit [turbo kolab] by saggi,1113116,2:58,7.45,NM,91.83,20212009.0,Zelo,2021-01-05T15:23:01+00:00,1566067.0,129051.0,0.0428532150122232,4544.38,0.965581,178.0
4124719,yasai. - Romeo to Cinderella [litoluna x Satellite's X] by gazimal,2402464,4:34,5.92,NM,98.35,37363845.0,SakuraHero,2025-01-26T19:29:39+00:00,1600624.0,129100.0,0.0428107034053908,4543.55,0.977328,274.0
4124709,"JAWNY - Honeypie [OH HONEY HONEY PIE, HONEY HONEY HONEY PIE] by Bloxi",2283381,2:12,5.39,DT,96.24,37363845.0,SakuraHero,2025-01-26T19:29:39+00:00,1600624.0,129100.0,0.0428107034053908,4543.55,0.977328,132.0
4124703,Yanagida Ethnica - For You the Bellz Toll [Jolly Bellz] by Evil-,2289224,2:08,8.53,NM,91.88,30267655.0,Fatass,2022-06-10T10:49:28+00:00,314832.0,42030.0,0.0410362257216976,4523.73,0.955829,128.0
4126023,Laura Shigihara - Watery Graves (Cut Ver.) [Garden Defense] by hool,2259062,0:51,6.23,NM,96.4,18953609.0,son0r,2020-10-19T18:29:21+00:00,679028.0,131094.0,0.0435316221401802,4513.65,0.980437,51.0
4124428,Tarpey - Close Call [Hyper] by xChorse,403612,2:21,5.79,HDDT,99.12,18705210.0,theunsunghero,2020-09-29T03:34:04+00:00,1963921.0,132125.0,0.0438138201970353,4496.92,0.984421,141.0
4124387,DECO*27 - First Storm -Japanese Version- [Arigatou] by SkyFlame,778657,3:48,7.1,NM,92.43,35340610.0,jp9,2024-02-08T02:32:18+00:00,3093458.0,132209.0,0.0438416753410016,4495.67,0.977854,228.0
4124734,FELT - The Sun and Moon [Feelings] by buckfro,1371517,3:23,5.35,NM,90.2,15516659.0,LycoWVine,2019-11-09T11:52:35+00:00,2602639.0,132577.0,0.0439637074002827,4490.28,0.944387,203.0
4124220,Graeme Cornies & Dawna Toews - I Wanna Be Famous [hakuna] by worst HD player,1003512,1:00,6.02,NM,96.31,15296786.0,Hypervisk,2019-10-04T00:36:12+00:00,1197781.0,132840.0,0.0440509205296058,4486.95,0.966235,60.0
4126643,Xi - Densetsu no Sabori Shinigami ~ Make a quick escape [Athanasia's Extra] by Toumei Dragon,1621473,2:57,5.56,NM,97.03,12947681.0,Starkinh,2018-08-23T00:29:46+00:00,2028059.0,133206.0,0.0442329416968347,4481.08,0.978244,177.0
4126714,Ax feat.Natsukawa Yoko - Sakimori Renka (Long Version) [Insane] by Seikatu,477999,3:10,5.18,HR,95.69,12947681.0,Starkinh,2018-08-23T00:29:46+00:00,2028059.0,133206.0,0.0442329416968347,4481.08,0.978244,190.0
4123738,MAKI - Ougon no Kagayaki (short ver.) [ksg's Extra] by Emiya Nikita,1463949,1:31,5.6,NM,95.17,11394403.0,el_wakai,2017-12-23T11:49:19+00:00,6965226.0,134009.0,0.0444385712831372,4469.17,0.984518,91.0
4125000,Syaro (CV: Uchida Maaya) - Caffeine Fighter [Insane] by Yuuma,2343664,4:25,6.56,HDDT,91.52,15871215.0,opasan,2019-12-29T19:21:29+00:00,933980.0,134552.0,0.0446799000885283,4460.82,0.924876,265.0
4126337,Groove Coverage - God is a Girl (Nightcore & Cut Ver.) [Ram's Another] by Bloxi,2250634,1:17,7.16,DT,96.83,34894517.0,dsrk228,2023-12-01T16:07:26+00:00,292828.0,135811.0,0.045097968896212,4442.5,0.927489,77.0
4125787,Jessie J - Domino (Nightcore & Cut Ver.) [Insane] by Kumocha,2382142,1:09,5.81,HDDT,100.0,17640036.0,Reyzuto,2020-07-07T01:06:10+00:00,760645.0,136126.0,0.0452025691141789,4438.04,0.971399,69.0
4125703,KAKU P-MODEL - Big Brother [Challenge] by Voli,472440,1:48,5.5,HD,99.23,10669224.0,Keele,2017-08-14T21:09:35+00:00,1826925.0,136216.0,0.0452324548907409,4436.71,0.987981,108.0
4126410,Aiurabu - Kani*Do-Luck! (TV Size) [A I U R A !] by Azunyan-,894883,0:59,6.16,HD,96.04,28225855.0,Castoor,2022-01-12T20:13:13+00:00,915248.0,136961.0,0.0454798427078373,4426.12,0.960356,59.0
4125222,dj TAKA - quaver [NiNo's Extra] by Monstrata,423527,3:24,6.13,NM,98.87,18510504.0,TOM is epic,2020-09-14T10:41:04+00:00,1594408.0,137765.0,0.045746822311791,4414.05,0.985787,204.0
4126037,Kurahashi Yoeko - Tomodachi no Uta [Insane] by tutuhaha,790979,1:56,5.46,HDHR,93.19,18510504.0,TOM is epic,2020-09-14T10:41:04+00:00,1594408.0,137765.0,0.045746822311791,4414.05,0.985787,116.0
4124590,Ketachigai - Cypher [Showdown] by gazimal,2228827,3:12,6.3,SV2,96.38,14794689.0,Idex Mendrike,2019-07-09T12:27:02+00:00,2536234.0,138445.0,0.0459095881716447,4404.64,0.954526,192.0
4125821,ALiCE'S EMOTiON - Dark Flight Dreamer [Shawajoy's Lunatic] by Sakaue Nachi,185250,3:09,5.82,NM,97.64,35899290.0,homuraharuko,2024-05-08T03:43:00+00:00,699587.0,138948.0,0.046139654241489,4396.26,0.965772,189.0
4125119,Will Stetson - Of Our Time (osu! Edit) [Nymphe's Extra] by Sotarks,2422687,2:13,6.01,NM,99.41,9163131.0,Moshie,2016-10-22T10:30:27+00:00,1064535.0,141318.0,0.0469266463576211,4362.79,0.975717,133.0
4125919,Hoshi Syoko (CV: Matsuda Satsumi) - Zettai Tokken Shuchou Shimasu! Hoshi Syoko Solo Remix (Cut Ver.) [Kuki's Privilege!] by Remilie,2241059,1:20,6.71,NM,96.06,30751464.0,flo2323,2022-07-20T10:36:15+00:00,1338386.0,142014.0,0.0471577630297004,4353.1,0.963939,80.0
4125389,Mia REGINA - My Sweet Maiden [Cafe's Extra] by Adinda,2292286,4:31,6.18,NM,95.59,16618140.0,FKDHJFGHDSJKGHJ,2020-04-05T10:49:26+00:00,758654.0,142896.0,0.0474506436400078,4340.94,0.951867,271.0
4123747,RoughSketch - 666 [GRAVITY] by Lebros,1171250,1:58,5.5,HD,90.01,15171306.0,V3ntoRies,2019-09-12T13:09:03+00:00,3336696.0,143854.0,0.0477032604777621,4328.07,0.981833,118.0
4126112,Jessie J - Domino (Nightcore & Cut Ver.) [Insane] by Kumocha,2382142,1:09,5.81,HDNC,98.63,20955730.0,iamateacup,2021-02-09T21:56:41+00:00,775493.0,143873.0,0.0477750703477973,4327.42,0.979383,69.0
4126119,Victorious Cast - Take a Hint feat. Victoria Justice & Elizabeth Gillies (Speed Up Ver.) [Light Insane] by SquareTude,984684,0:53,5.34,HDNC,98.09,20955730.0,iamateacup,2021-02-09T21:56:41+00:00,775493.0,143873.0,0.0477750703477973,4327.42,0.979383,53.0
4125437,DJ Sharpnel - Gate Openerz [SRPC-0200] by CosmicWolf,1435435,4:16,6.7,NF,93.12,17588888.0,Tailznic,2020-07-02T09:01:30+00:00,1201531.0,144735.0,0.0480613096744243,4315.92,0.942642,256.0
4126802,Artemas - i like the way you kiss me (DETHVEDA Frenchcore Edit) [Corinn's Extra] by Mita,2365162,1:40,5.56,NM,98.48,22846495.0,Quake203,2021-04-21T13:52:34+00:00,1179059.0,145497.0,0.0483143425826491,4305.17,0.986658,100.0
4126993,Levaslater - NNRT [Expert] by my angel shimon,2376493,2:10,5.95,NM,94.03,22846495.0,Quake203,2021-04-21T13:52:34+00:00,1179059.0,145497.0,0.0483143425826491,4305.17,0.986658,130.0
4125089,"Ren feat. Hatsune Miku - Tougetsu, Rinzen ni Kisu. [Touch Your Dreams] by Log Off Now",1418780,2:51,5.47,NM,96.84,28552171.0,xNotTryHxrdzz,2022-01-31T10:18:39+00:00,678433.0,146050.0,0.0484979740764132,4298.4,0.975719,171.0
4125079,ONE OK ROCK - One by One [Extra] by Elinor,1148073,1:48,5.81,NM,96.32,28552171.0,xNotTryHxrdzz,2022-01-31T10:18:39+00:00,678433.0,146050.0,0.0484979740764132,4298.4,0.975719,108.0
4125918,"Bridgit Mendler, Adam Hicks, Naomi Scott and Hayley Kiyoko - Determinate (Nightcore & Cut Ver.) [Fearless Rockstar] by My Angel Ram",2425417,1:14,5.81,HD,98.82,16217924.0,butlen,2020-02-17T19:35:27+00:00,422848.0,147215.0,0.0488848288507989,4281.67,0.966684,74.0
4125789,Will Stetson - Of Our Time (osu! Edit) [Kowari's Extreme+] by Sotarks,2422687,2:14,6.66,NM,95.12,23109404.0,halorekk,2021-05-02T05:30:43+00:00,1295861.0,148395.0,0.0492766645879448,4266.45,0.959108,134.0
4125638,Green Day - Bang Bang [Mommy's Little Soldier] by - Drummer-,538927,3:24,7.4,NM,95.46,37642628.0,Itassyuri,2025-03-21T19:22:38+00:00,772893.0,149264.0,0.0495652283638599,4255.23,0.968205,204.0
4125198,MIMI - Science (feat. Kasane Teto SV) [Research Collab] by MrTerror,2338966,3:04,6.0,NM,93.85,19850416.0,TheGNM,2020-12-15T03:57:38+00:00,1667990.0,149433.0,0.0496213472109597,4251.98,0.971583,184.0
4125211,Mei You Hua Xiang De HANA - Science (feat. Kasane Teto SV) (Cut Ver.) [Experiment!] by MeAqua tete,2436971,1:54,6.03,HD,91.25,19850416.0,TheGNM,2020-12-15T03:57:38+00:00,1667990.0,149433.0,0.0496213472109597,4251.98,0.971583,114.0
4126278,Malcolm Todd - Chest Pain (I Love) [i love] by chidodou,2350380,3:18,6.32,NM,94.42,36089550.0,15m4,2024-06-05T16:47:12+00:00,669813.0,149688.0,0.0497060235778853,4248.99,0.971292,198.0
4123769,senya - Kasoku Suru Koi wa Dare mo Tomerarenai [AYE1337's Phantasm] by SUISEI69,2256311,3:48,6.68,NM,90.69,15104386.0,Markithh,2019-08-31T21:59:44+00:00,1688299.0,150151.0,0.0497914014486664,4242.88,0.967229,228.0
4125955,chelmico - Easy Breezy (TV Size) [Hands off!] by hypercyte,1095606,1:28,5.62,NM,96.18,11742599.0,Vitas2222,2018-02-14T13:57:52+00:00,3444005.0,150776.0,0.0500673094101012,4234.74,0.975921,88.0
4125863,Jean Dawson - SICK OF IT* [OBLIVION*] by Hobbes2,1949894,2:06,6.28,NM,92.18,11742599.0,Vitas2222,2018-02-14T13:57:52+00:00,3444005.0,150776.0,0.0500673094101012,4234.74,0.975921,126.0
4125796,Tackey & Tsubasa - Crazy Rainbow (TV Size) [I Want To Live!!] by Daycore,2430993,2:27,6.34,NM,91.24,11742599.0,Vitas2222,2018-02-14T13:57:52+00:00,3444005.0,150776.0,0.0500673094101012,4234.74,0.975921,147.0
4126000,Sayuri - Koukai no Uta (TV Size) [Plus Ultra] by Sotarks,1058293,1:27,5.65,NM,96.12,11742599.0,Vitas2222,2018-02-14T13:57:52+00:00,3444005.0,150776.0,0.0500673094101012,4234.74,0.975921,87.0
4127077,Set It Off - Parasite (Cut Ver.) [Tylerderp's Extra] by Smoke,2284092,2:05,6.04,NM,96.98,34224028.0,marchewka,2023-08-08T13:27:49+00:00,1345061.0,151619.0,0.0503472395172318,4223.84,0.969037,125.0
4127304,MIMI feat. Hatsune Miku - Ai no Sukima (Rock Cover) [Log Off Now's Expert] by Nuvolina,1092468,1:31,5.78,NM,97.94,34224028.0,marchewka,2023-08-08T13:27:49+00:00,1343555.0,152112.0,0.0505109471599546,4216.1,0.968935,91.0
4127313,MuryokuP - Sweet Sweet Cendrillon Drug [Cendrillon] by Smoothie,72834,3:58,5.18,NM,94.92,10332618.0,My Angel Inori,2017-06-10T04:13:53+00:00,4037782.0,152910.0,0.0507759343788042,4205.03,0.985405,238.0
4124822,Soleily - Renatus [Insane] by Multiple Creators,241526,3:27,5.29,NM,99.18,8574292.0,ellenroth,2016-06-17T22:16:31+00:00,1628280.0,154615.0,0.0512717033851626,4183.45,0.983831,207.0
4126932,Ice Nine Kills - IT Is The End [LMT's Another] by Aakki,2284596,3:59,5.32,HD,93.94,20372458.0,mollias,2021-01-14T17:08:37+00:00,2252073.0,156410.0,0.0519381590228812,4160.55,0.984793,239.0
4124566,SHK - Flight of the Bumblebee (RST Classic) [Luscent's Extra] by Riana,879890,1:15,6.13,NF,92.04,29794393.0,Moonwatcher727,2022-04-28T23:20:48+00:00,921727.0,157221.0,0.0521358760658323,4151.2,0.975514,75.0
4125826,toby fox - Song That Might Play When You Fight Sans [Reform's Extra] by Smoke,2252729,0:57,6.22,NM,95.54,37773801.0,eeyoowan,2025-04-18T16:41:36+00:00,1325460.0,158100.0,0.0524993474938784,4140.57,0.973959,57.0
4125768,Icon For Hire - Make a Move (Speed Up Ver.) [Extra] by Sotarks,765778,0:49,5.51,NM,98.92,32624795.0,modrequet,2023-01-22T17:30:00+00:00,1023495.0,158973.0,0.0527892395265296,4129.81,0.988294,49.0
4125745,"Bridgit Mendler, Adam Hicks, Naomi Scott and Hayley Kiyoko - Determinate (Nightcore & Cut Ver.) [PikA's Extra] by My Angel Ram",2425417,1:14,5.59,NM,100.0,32624795.0,modrequet,2023-01-22T17:30:00+00:00,1023495.0,158973.0,0.0527892395265296,4129.81,0.988294,74.0
4125722,"Bridgit Mendler, Adam Hicks, Naomi Scott and Hayley Kiyoko - Determinate (Nightcore & Cut Ver.) [Fearless Rockstar] by My Angel Ram",2425417,1:14,5.81,NM,98.48,32624795.0,modrequet,2023-01-22T17:30:00+00:00,1023495.0,158973.0,0.0527892395265296,4129.81,0.988294,74.0
4125902,HUNTR/X - Golden [Extra] by Astronic,2398052,3:08,5.64,NM,99.33,32624795.0,modrequet,2023-01-22T17:30:00+00:00,1023495.0,158973.0,0.0527892395265296,4129.81,0.988294,188.0
4125478,Nyquist! - Yanderella Girl [Smoothie's Extra] by FlobuFlobs,2162785,1:02,5.92,NM,93.14,32861557.0,IGA SWIATEK,2023-02-17T21:39:11+00:00,1470839.0,159417.0,0.0529366760242353,4124.32,0.902765,62.0
4124533,SHIKI - Pure Ruby (Game Ver.) [Extra] by mizto,2179269,1:57,5.83,NM,96.21,35507829.0,yotosuu,2024-03-06T13:29:28+00:00,2252333.0,159619.0,0.0529310741042996,4121.17,0.957636,117.0
4124465,Arash - Temptation (feat. Rebecca) (Nightcore Mix) [Parad0xa & -AzuMi's Extreme] by silver tail,2235601,2:54,7.27,NM,92.21,35507829.0,yotosuu,2024-03-06T13:29:28+00:00,2252333.0,159619.0,0.0529310741042996,4121.17,0.957636,174.0
4123767,Leah Kate - Life Sux (Sped Up Ver.) [Mommy Sucks] by Log Off Now,1905234,2:33,6.27,NM,90.66,17127569.0,- Kubii -,2020-05-21T15:28:47+00:00,1956630.0,161152.0,0.053439430481685,4102.07,0.958321,153.0
4126135,Yuyoyuppe - AiAe [Eternal] by Fort,257793,3:35,6.05,NM,93.68,33419825.0,Kiten123,2023-04-13T10:11:46+00:00,971288.0,162129.0,0.053837234091303,4090.83,0.977859,215.0
4125474,nonoc - Relive [Dorsalplum's Extra] by fieryrage,1108759,1:29,5.89,NM,97.13,21776962.0,its_zev,2021-03-13T12:49:49+00:00,2098993.0,162805.0,0.0540617094797019,4082.8,0.97288,89.0
4125541,ALiCE'S EMOTiON - Dark Flight Dreamer [Dreamer] by Sakaue Nachi,185250,3:09,6.23,NM,96.55,21776962.0,its_zev,2021-03-13T12:49:49+00:00,2098765.0,162805.0,0.0540617094797019,4082.8,0.97288,189.0
4125998,Roses Epicurean - Yoru no Kodomo-tachi [Mortem's Nocturnal] by Gordon123,439731,0:52,5.77,HDNC,97.09,30089980.0,Lestizo,2022-05-26T19:19:26+00:00,861458.0,163332.0,0.0542367073046815,4075.61,0.965524,52.0
4125529,Colors*Slash - Colors Power ni Omakasero! [Mitsuboshi Jump!] by Log Off Now,1115477,4:05,5.93,NM,97.73,30089980.0,Lestizo,2022-05-26T19:19:26+00:00,861458.0,163332.0,0.0542367073046815,4075.61,0.965524,245.0
4125338,"Tsukuyomi - Hana ni Ame o, Kimi ni Uta o [lushifer's Extra] by Nevertary",1929568,4:12,5.7,HD,93.74,31710631.0,Proddumnya,2022-10-17T10:31:32+00:00,2227711.0,163856.0,0.054410708937109,4069.22,0.980815,252.0
4125390,Lily - Scarlet Rose [0108 style] by val0108,41686,3:08,5.54,HD,91.17,31710631.0,Proddumnya,2022-10-17T10:31:32+00:00,2227711.0,163856.0,0.054410708937109,4069.22,0.980815,188.0
4125464,Laur - Narukami [Insane] by Mir,2372217,4:31,5.17,HD,94.46,31710631.0,Proddumnya,2022-10-17T10:31:32+00:00,2227711.0,163856.0,0.054410708937109,4069.22,0.980815,271.0
4125490,Hana - Sakura no Uta [Euphoria] by Alyce,376552,3:51,5.64,HD,96.67,17042438.0,Chocolato-,2020-05-13T12:45:13+00:00,1786443.0,164255.0,0.0545432025465338,4064.41,0.968452,231.0
4126763,CROW'SCLAW - Ketsubetsu (JOYH-TV Rmx) [-Eresh's Extra] by SUISEI69,2178902,3:55,5.56,NM,95.14,36978359.0,6Fejkus9,2024-11-11T08:43:31+00:00,1096914.0,164290.0,0.0545548247929745,4064.09,0.978903,235.0
4125879,Hayaya-P - Ping-Pong Dash! [Insane] by Shiro,58051,1:50,5.16,HD,99.72,24890424.0,hanleyfu,2021-07-23T16:05:49+00:00,1042519.0,165637.0,0.0550021152488522,4047.68,0.995182,110.0
4126674,Mrs. GREEN APPLE - Ao to Natsu (katagiri Bootleg) (Sped Up Ver.) [Hayakou's Extra] by - Nilou -,2311267,3:31,6.3,NM,92.95,38028387.0,U11TR4,2025-06-14T06:45:24+00:00,959323.0,165934.0,0.0551007383115067,4044.75,0.956057,211.0
4126897,Nekomata Master - Avalon no Oka [Special] by moph,317538,1:53,6.73,NM,93.04,17045810.0,Ratke,2020-05-13T19:03:37+00:00,957738.0,167121.0,0.0554948984979408,4029.54,0.959002,113.0
4126967,Kano - Yuudachi no Ribbon [Extreme] by moph,456237,3:42,7.05,NM,90.1,17045810.0,Ratke,2020-05-13T19:03:37+00:00,957738.0,167121.0,0.0554948984979408,4029.54,0.959002,222.0
4126847,Yousei Teikoku - Zetsubou plantation [Shiro's Extreme] by Saten,86009,3:34,6.89,NM,93.99,17045810.0,Ratke,2020-05-13T19:03:37+00:00,957738.0,167121.0,0.0554948984979408,4029.54,0.959002,214.0
4126249,Momoiro Clover - Pinky Jones (TV Size) [Insane] by xsrsbsns,40218,1:25,5.16,NM,99.39,6993370.0,Shiivera,2015-08-26T15:21:32+00:00,1269492.0,167344.0,0.0555689488109777,4027.11,0.986892,85.0
4125448,B-Komachi Ai (CV: Takahashi Rie) - Sign wa B -Ai Solo Ver.- (TV Size) [Ai] by Dollyn-,2025208,1:32,5.36,NM,98.91,38284316.0,wati0ns,2025-08-07T19:00:01+00:00,1611656.0,167830.0,0.0557303320044124,4022.25,0.976099,92.0
4125554,bilbordy - v nol' [save me] by nemidnight,2134012,2:14,5.88,NM,92.23,38284316.0,wati0ns,2025-08-07T19:00:01+00:00,1611128.0,168040.0,0.055800065483057,4019.55,0.975869,134.0
4125499,renforshort - hate the way you love me (nightcore & cut ver.) [kumocha's extra] by Mimari,2463664,1:04,5.36,NM,97.88,38284316.0,wati0ns,2025-08-07T19:00:01+00:00,1611361.0,168041.0,0.0558003975472411,4019.55,0.975869,64.0
4123787,PassCode - Ray [Extreme] by Akitoshi,1054931,3:42,6.3,NM,93.07,13475255.0,RockstarEssence,2018-11-24T18:49:38+00:00,734066.0,168252.0,0.0557938533645532,4016.95,0.969579,222.0
4123801,Kero Kero Bonito - Flamingo (WTN3 Remix) [Multi Color] by Nerova Riuz GX,409214,3:22,5.91,NM,96.53,13475255.0,RockstarEssence,2018-11-24T18:49:38+00:00,734066.0,168252.0,0.0557938533645532,4016.95,0.969579,202.0
4125279,Silver Forest - Manmaru Otsukisama [Kloster's Extra Stage] by Bloxi,1711579,0:41,5.17,NM,98.21,37694920.0,kishmishichka,2025-04-01T15:44:05+00:00,760241.0,168893.0,0.0560833162320278,4008.73,0.968922,41.0
4126467,Karna.val - Chastushka (hardstyle remix) [Expert idk] by gaiooipuaerg,2093322,2:33,5.71,NM,95.37,37645296.0,Kotari-son,2025-03-22T08:31:47+00:00,889260.0,170811.0,0.056720215336982,3986.38,0.988304,153.0
4123941,Kawada Mami - Wings of Courage -Sora o Koete- (K@keru Dnb Remix) [Expert] by Akitoshi,1143951,4:20,5.45,NM,97.98,26215776.0,CosmoTheShadow,2021-09-30T06:58:47+00:00,6422413.0,171589.0,0.0569004321195012,3977.53,0.98132,260.0
4126091,MC Mental - MC Mental at His Best [Insane] by Bullhax,407055,1:51,5.34,NM,93.86,6746247.0,Pom,2015-07-10T20:38:00+00:00,1994807.0,171614.0,0.0569868628767517,3977.1,0.983841,111.0
4125084,DVRST - SHE IS HYPERACTIVE [Expert] by Peter,1969003,2:01,5.41,NM,96.17,33123697.0,darxx,2023-03-16T16:40:10+00:00,667845.0,171695.0,0.0570137600756575,3975.49,0.978619,121.0
4126179,Pedro Silva - Valour Against All Odds [Extra] by Mita,2360937,0:48,6.13,NM,93.98,36431956.0,chakaezba,2024-08-01T11:28:01+00:00,696012.0,172279.0,0.0572076855591263,3968.46,0.972445,48.0
4125685,Marina and the Diamonds - Bubblegum Bitch (Nightcore & Cut Ver.) [kolman's Extra] by Parad0xa,2282704,0:55,5.73,NM,96.05,35050134.0,killop,2023-12-25T09:24:15+00:00,1047384.0,172519.0,0.0572873809632916,3965.69,0.965502,55.0
4127109,Tsuneki Hikari (CV: Sakura Ayane) - Shunkan Happening (TV Size) [thzz's Extra] by Lami,741171,1:29,5.87,NM,93.2,24376825.0,BruceLT,2021-06-30T18:48:48+00:00,1215940.0,172749.0,0.0573637557256166,3963.62,0.96991,89.0
4123861,goreshit - Fake Ass Bitches [Extra!!] by -Ploy-,1365438,1:46,6.18,NM,92.7,37114356.0,ravengrxce,2024-12-11T04:31:27+00:00,2503808.0,174943.0,0.0580126482250138,3937.99,0.97338,106.0
4126678,MYTH & ROID - Paradisus-Paradoxum [-kevincela-'s Extra] by StarrStyx,477640,1:29,5.7,NM,95.89,37794936.0,hikkavane,2025-04-23T09:27:00+00:00,1659361.0,175006.0,0.0581132245889543,3936.79,0.963013,89.0
4125242,DJ Okawari - Flower Dance (Short Ver.) [Dance AR10] by -Hanayuki-,252981,3:19,6.08,NM,96.83,32791991.0,Nightlock_Hayze,2023-02-10T00:23:45+00:00,811484.0,175857.0,0.058395811209557,3926.48,0.962786,199.0
4125104,YOASOBI - Biri-Biri [Ex's Hard] by Len,2103460,3:00,5.46,DT,98.05,32791991.0,Nightlock_Hayze,2023-02-10T00:23:45+00:00,811484.0,175857.0,0.058395811209557,3926.48,0.962786,180.0
4125506,8284 vs wa. - Adularescence [Another] by Cherry Blossom,119438,1:47,5.52,NM,94.82,32791991.0,Nightlock_Hayze,2023-02-10T00:23:45+00:00,811484.0,175857.0,0.058395811209557,3926.48,0.962786,107.0
4126129,Yu Tokiwa - Shounen Ripples [Sharu's Extra] by Sotarks,763619,1:48,5.37,HD,95.66,27125205.0,dad12345_old_1,2021-11-11T06:02:48+00:00,1131825.0,175958.0,0.0584293496921432,3925.8,0.972257,108.0
4126464,Dave Rodgers - Deja Vu [Street Stage] by Faust,469679,3:43,5.31,SV2NFDT,97.37,18068774.0,Nerexus,2020-08-12T08:20:27+00:00,1304230.0,179787.0,0.0597008234527635,3883.09,0.968671,223.0
4126352,PUP - Factories [Broken Glass] by Melwoine,1171055,4:26,5.73,NM,93.88,35387275.0,naaly,2024-02-15T17:39:52+00:00,1363277.0,181164.0,0.0601580758341618,3867.72,0.977037,266.0
4124427,KANKAN x Hiiragi Kirai - All Fool [gazimal's x] by SMOKELIND,1961624,3:15,5.75,SV2NFHD,95.16,18317564.0,LEOPATO,2020-08-30T23:30:02+00:00,671749.0,182625.0,0.0605600674625058,3851.91,0.973795,195.0
4124960,Horie Yui - Asymmetry (TV Size) [Sotarks' Kiss] by Owens,748291,1:28,5.46,NM,95.18,28380862.0,DJ_Enderman,2022-01-21T20:06:23+00:00,914511.0,182987.0,0.0607634288416339,3848.9,0.978511,88.0
4127411,BABYMETAL - from me to u (feat. Poppy) (Cut Ver.) [Fuxi's Expert] by Sotarks,2387896,1:11,5.19,NM,94.2,20027672.0,LeVraiJules,2020-12-25T17:35:15+00:00,713246.0,184164.0,0.0611542683862278,3835.28,0.982379,71.0
4127419,Marina and the Diamonds - Bubblegum Bitch (Nightcore & Cut Ver.) [Mekadon's Extra] by Parad0xa,2282704,0:55,5.52,NM,96.79,20027672.0,LeVraiJules,2020-12-25T17:35:15+00:00,713246.0,184164.0,0.0611542683862278,3835.28,0.982379,55.0
4124168,Krewella - Say Goodbye (Nightcore & Cut Ver.) [Broken Promises] by A r M i N,1049899,1:09,6.27,NM,96.82,19479449.0,ire_r,2020-11-22T06:38:52+00:00,564664.0,184968.0,0.0613370270138523,3826.59,0.962443,69.0
4126247,Michael Sembello - Maniac (Nightcore & Cut Ver.) [gwb's Extra] by Sotarks,2464479,1:12,5.79,NM,97.48,19734759.0,yaske,2020-12-07T21:40:21+00:00,464355.0,185466.0,0.0615866159538244,3821.29,0.957374,72.0
4125550,Linkin Park - The Emptiness Machine (Cut Ver.) [Tylerderp's Expert] by Sotarks,2246377,2:10,5.29,NM,97.98,11087423.0,FinkizeT,2017-10-31T10:28:23+00:00,1746705.0,185557.0,0.0616168337945704,3820.39,0.987894,130.0
4125572,LOL feat. Kasane Teto SV - Leviteto [1000000 Subscribers to Unlock] by MeAqua tete,2353458,2:14,5.61,NM,97.36,11087423.0,FinkizeT,2017-10-31T10:28:23+00:00,1746705.0,185557.0,0.0616168337945704,3820.39,0.987894,134.0
4123990,Reol - No title [Lust's Insane] by VINXIS,320118,1:20,5.78,NM,97.69,13804874.0,Amadeo Francois,2019-01-21T13:15:45+00:00,2353827.0,187385.0,0.0621385256205976,3800.78,0.981255,80.0
4126115,toby fox - Song That Might Play When You Fight Sans [Genocide] by Smoke,2252729,0:57,6.75,NM,93.89,24199063.0,Ancesli,2021-06-21T18:51:44+00:00,431596.0,188306.0,0.0625296782364469,3791.69,0.920454,57.0
4127265,ROUND TABLE featuring Nino - Puzzle [Ultima Fox's Insane] by FoxyGrandpa,507802,1:28,5.97,HDDT,94.92,33672225.0,Aiyoc,2023-05-16T17:50:03+00:00,396497.0,10230.0,0.0277625501381342,3791.53,0.969889,88.0
4126875,Yamajet feat. haru*ama*nya - Sweets Holic (Cut Ver.) [Kumocha's Extreme] by Mita,2340299,1:30,7.21,NM,93.67,36747302.0,urrikans,2024-09-25T13:19:41+00:00,3213359.0,188751.0,0.0626774467983367,3786.11,0.945874,90.0
4124389,Carlito - Alarma Caramba! [Where are you now?] by KorwiN,1423466,3:04,5.52,HD,93.98,37536571.0,MultiAccounting,2025-02-26T23:13:40+00:00,308626.0,189240.0,0.062753660049854,3780.91,0.972779,184.0
4126850,Turbo - PADORU / PADORU [Gift] by Sotarks,1073074,0:32,6.1,NM,94.1,36531880.0,Ashley_,2024-08-17T23:51:29+00:00,1427535.0,189787.0,0.0630214652929835,3775.3,0.964005,32.0
4125964,Aoi Eir - IGNITE (TV size ver.) [Insane] by Guy,190222,1:29,5.03,NM,95.45,21196547.0,Tepsuya,2021-02-18T18:29:02+00:00,2361062.0,190121.0,0.0631323747304469,3772.56,0.925828,89.0
4124550,Jessie J - Domino (Nightcore & Cut Ver.) [Insane] by Kumocha,2382142,1:09,5.81,DT,95.28,37610508.0,omletik123,2025-03-14T19:05:47+00:00,191960.0,192257.0,0.0637541239706446,3749.87,0.936795,69.0
4126585,PassCode - Ray [Extreme] by Akitoshi,1054931,3:42,6.3,NM,94.79,13510487.0,_JustShapes_,2018-12-01T10:22:32+00:00,1668707.0,192519.0,0.0639286646437316,3747.67,0.959809,222.0
4126389,Levaslater - NNRT [Expert] by my angel shimon,2376493,2:10,5.95,NM,93.05,34287398.0,kapirama,2023-08-18T15:33:37+00:00,1097986.0,192500.0,0.0639223554242352,3747.18,0.959291,130.0
4124108,Porcelain Black - Pretty Little Psycho (Nightcore & Cut Ver.) [Insane] by Fufla,2295884,1:03,5.7,DT,97.54,17384748.0,Declan_-,2020-06-13T16:05:10+00:00,1875826.0,193990.0,0.0643288021193785,3732.87,0.980821,63.0
4127108,Erika - I Don't Know (Nightcore & Cut Ver.) [Do You Know?] by Mita,2479183,0:42,5.55,NM,100.0,30547977.0,Aincrad,2022-07-02T09:27:01+00:00,1611896.0,196236.0,0.0651629472157414,3709.57,0.971684,42.0
4126595,"Darren Korb - Setting Sail, Coming Home [Insane] by Metal",108461,2:41,5.1,DT,97.08,36353285.0,GarouNugget,2024-07-19T12:45:04+00:00,521290.0,196575.0,0.0652755169741249,3706.26,0.977402,161.0
4126677,Agnete Kjolsrud - Get Jinxed [Master] by Tarrasky,361740,2:11,5.69,NM,96.39,36353285.0,GarouNugget,2024-07-19T12:45:04+00:00,521290.0,196575.0,0.0652755169741249,3706.26,0.977402,131.0
4126636,Rammstein - Los [Hard] by Sieg,235551,2:28,5.1,DT,99.61,36353285.0,GarouNugget,2024-07-19T12:45:04+00:00,521290.0,196575.0,0.0652755169741249,3706.26,0.977402,148.0
4125269,S3RL - Bass Slut (Original Mix) [Reform's Filthy Expert] by Fatfan Kolek,983911,2:18,5.06,PF,100.0,29780573.0,134,2022-04-27T15:29:52+00:00,2405549.0,198097.0,0.0657809186622063,3689.92,0.998703,138.0
4125730,"HoneyWorks feat. HaKoniwalily - Shitsumon, Koitte Nandesho ka? [No! No!] by karupa",2356278,2:58,5.17,NM,98.39,35381184.0,We love Miyabi,2024-02-14T14:59:58+00:00,1193453.0,199583.0,0.066274366039663,3674.95,0.981759,178.0
4126044,Gohma - Forward [Ultra Breakout] by Evgerable,731899,4:36,7.12,NM,93.37,17078519.0,20Aki19,2020-05-16T21:10:43+00:00,866213.0,199968.0,0.0664022107505115,3671.35,0.960836,276.0
4124170,Kano - Cherry Pop (Cut Ver.) [Kuki's Extra] by Sotarks,2464474,1:10,5.69,NM,93.33,37223862.0,limumu,2025-01-02T03:53:55+00:00,1157247.0,201834.0,0.0669299419916626,3653.44,0.897727,70.0
4126017,denk!girls - two-Dimension's Love (TV Size) [Nevo's Expert] by Fycho,780131,1:26,5.45,NM,96.86,35591057.0,sardynka,2024-03-18T13:44:38+00:00,1031146.0,204814.0,0.0680113937862821,3626.11,0.979717,86.0
4126817,Ayase Rie feat. Hata-tan - Yuima-ru*World TVver. [Laura's Extra] by Hey lululu,726747,0:44,5.49,NM,92.86,35591057.0,sardynka,2024-03-18T13:44:38+00:00,1030399.0,205396.0,0.0682046551413829,3619.68,0.979111,44.0
4126858,Zseda - LaLaLaLa (Tandemugras) [Densz!] by Kazuya,1080784,2:57,5.88,DT,93.52,35591057.0,sardynka,2024-03-18T13:44:38+00:00,1030399.0,205396.0,0.0682046551413829,3619.68,0.979111,177.0
4126373,MIMI feat. Hatsune Miku - Marshmary [Horizon] by Log Off Now,962088,1:23,5.59,HDHR,98.22,35609604.0,FireXL_Live,2024-03-21T18:54:22+00:00,1440297.0,205787.0,0.0683344922373355,3616.3,0.958267,83.0
4124403,EDOGA-SULLIVAN - WONDERFUL WONDER (TV Size) [Insane] by Kuki1537,1280506,0:57,6.17,DT,92.29,21918254.0,alexitopro1,2021-03-19T06:08:18+00:00,1201284.0,207104.0,0.0686775206666929,3604.17,0.957099,57.0
4125571,Kano - Cherry Pop (Cut Ver.) [che] by Sotarks,2464474,1:10,6.23,NM,91.72,37856340.0,itsNagi,2025-05-06T19:17:36+00:00,611411.0,209395.0,0.0695325798132869,3583.51,0.942454,70.0
4127224,m1v - you [insane] by i love ganyu,1685799,1:18,5.95,HDDT,94.72,33722087.0,compl1cated000,2023-05-23T17:37:33+00:00,1071745.0,210291.0,0.0698301093221706,3574.62,0.944502,78.0
4127282,Lia - Bravely You (TV Size) [KIRANAGAMATU's Insane] by Homura-,337527,1:29,5.59,DT,96.27,36776551.0,Raora,2024-10-01T03:24:52+00:00,963185.0,210369.0,0.0698560103285243,3573.64,0.948553,89.0
4127344,Oranges & Lemons - Soramimi Cake (TV Size) [Osaka] by Bloxi,1875476,1:30,5.36,DT,97.66,36776551.0,Raora,2024-10-01T03:24:52+00:00,963185.0,210369.0,0.0698560103285243,3573.64,0.948553,90.0
4126345,nano - Rock on. [Extra] by eINess,358451,1:34,5.41,NM,93.31,16852009.0,KeroiFrenchcore,2020-04-25T19:00:11+00:00,4332512.0,212330.0,0.0705071881933915,3555.63,0.974612,94.0
4125497,ilyeucli - U make my heart beat fast! (feat. Hatsune Miku) [elzix's insane <3] by Bloxi,2340453,1:02,5.56,DT,98.37,37874319.0,ssssstrakh,2025-05-10T19:45:43+00:00,393805.0,212951.0,0.0707134000516691,3549.64,0.938744,62.0
4124815,ilyeucli - U make my heart beat fast! (feat. Hatsune Miku) [elzix's insane <3] by Bloxi,2340453,1:02,5.56,DT,94.31,37874319.0,ssssstrakh,2025-05-10T19:45:43+00:00,393805.0,212951.0,0.0706164376520633,3549.64,0.938744,62.0
4125071,Porcelain Black - Pretty Little Psycho (Nightcore & Cut Ver.) [Another] by Fufla,2295884,1:03,6.18,DT,97.03,37610812.0,suiiminn,2025-03-14T20:07:05+00:00,538095.0,214329.0,0.0711709844972515,3536.96,0.961297,63.0
4123865,HoneyWorks - Hatsukoi no Ehon feat. Aida Miou (CV: Toyosaki Aki) [Maaadbot's Extra] by Share,2292983,2:58,5.51,NM,94.55,33740762.0,Luked,2023-05-26T15:13:49+00:00,837598.0,215842.0,0.0715751188569044,3523.98,0.96271,178.0
4124131,PassCode - SKILLAWAKE [Extreme] by Akitoshi,2296532,3:46,6.32,NM,93.7,33740762.0,Luked,2023-05-26T15:13:49+00:00,836698.0,215835.0,0.0715727975949072,3523.98,0.96271,226.0
4127333,REDALiCE - Pekorap Tropical House Remix [Universal Daikaiten Peko Peko no Mai] by Yuuma,1224414,2:07,6.66,NM,93.36,34424660.0,Ikeuno,2023-09-10T18:31:19+00:00,1196606.0,216526.0,0.0719005295095478,3516.78,0.944143,127.0
4125776,DJ TOTTO - Crystalia [Xenok Sakaki's Extreme] by Hysteria,691220,1:55,6.81,NM,91.01,37960539.0,Penrosian,2025-05-30T15:53:06+00:00,519933.0,217442.0,0.072204700302112,3508.32,0.973719,115.0
4125672,inabakumori - Hadal Abyss Zone feat. Kaai Yuki [Whithard's Extra] by faxaxaxa,2409567,2:38,5.66,NM,90.76,24245189.0,Hisaki_3761,2021-06-24T05:32:39+00:00,1852207.0,218024.0,0.0723979616572128,3503.35,0.980719,158.0
4125882,Akatsuki Records - KARMANATIONS [so bad's Extreme] by SPKsan,1198400,3:47,6.44,NM,92.62,35044648.0,ToxicMuffel,2023-12-24T13:16:00+00:00,1321547.0,218290.0,0.0724862907301626,3501.59,0.96888,227.0
4124265,Cartoon - On & On (feat. Daniel Levi) (Cut Ver.) [Forever] by Sylas,1400282,2:02,5.18,NM,97.66,37942404.0,kivo,2025-05-26T15:06:49+00:00,693227.0,218706.0,0.0725248466226135,3498.1,0.975345,122.0
4127300,Caravan Palace - Miracle [Extra] by Mulciber,948225,3:12,5.72,NM,97.84,17361621.0,Mistaken_Cure,2020-06-11T15:06:16+00:00,800209.0,219261.0,0.072808725052848,3491.89,0.945609,192.0
4127202,Reol - Asymmetry [Extra] by Gaia,292077,4:11,6.07,NM,91.4,17361621.0,Mistaken_Cure,2020-06-11T15:06:16+00:00,800209.0,219261.0,0.072808725052848,3491.89,0.945609,251.0
4127257,Farhan feat. GUMI - Dandelion [browiec's Flower] by Stixy,1180255,1:57,5.49,NM,95.27,17361621.0,Mistaken_Cure,2020-06-11T15:06:16+00:00,800209.0,219261.0,0.072808725052848,3491.89,0.945609,117.0
4126943,Kano - Cherry Pop (Cut Ver.) [Kuki's Extra] by Sotarks,2464474,1:10,5.69,NM,98.22,32524858.0,xLeyw,2023-01-12T17:59:46+00:00,1250096.0,219584.0,0.0729159817842871,3489.65,0.976462,70.0
4125148,Pogo - No Worries (Hybrid Minds Remix) [Your dreams] by -ckopoctb-,1645793,4:45,5.67,NM,98.03,19478674.0,GnuFH,2020-11-22T05:08:41+00:00,869124.0,219755.0,0.0729727647597548,3487.3,0.967779,285.0
4125433,wuk - Sidetracked Day [mizto's Extra] by sytho,2191876,0:59,5.78,NM,95.08,27979641.0,Pebbles-,2021-12-29T10:40:00+00:00,1192191.0,220587.0,0.0732490421608611,3480.36,0.953134,59.0
4124221,B Komachi - POP IN 2 (TV Size) [I'm only for you! :3] by DaNILMaZ1,2374775,1:25,5.61,HD,92.02,30835618.0,intsumi12,2022-07-27T22:40:16+00:00,1703150.0,221527.0,0.0734603152074826,3471.91,0.977157,85.0
4124577,Nashimoto Ui - AaAaAaAAaAaAAa [Reform's ExPeRT] by Sotarks,1017271,1:45,5.2,NM,97.91,37611011.0,Random_Eggs,2025-03-14T20:52:32+00:00,671555.0,222185.0,0.0736785138352189,3466.8,0.974587,105.0
4125075,Demi Lovato - Heart Attack (Rock Ver.) (Nightcore & Cut Ver.) [Tylerderp & yacinehamza111's Extra] by Smoke,2428693,1:57,6.34,NM,94.06,34329747.0,coconut4299,2023-08-25T14:30:40+00:00,1000218.0,222988.0,0.074046328266698,3459.04,0.980671,117.0
4125516,Horie Yui - True truly love [Kumocha's Extra] by Kyutei,2336840,3:41,5.8,NM,98.93,34329747.0,coconut4299,2023-08-25T14:30:40+00:00,1000218.0,222988.0,0.074046328266698,3459.04,0.980671,221.0
4125344,HO-KAGO TEA TIME - Kira Kira Days [Ram's Expert!] by Keqing,1234080,3:32,5.4,NM,99.03,34329747.0,coconut4299,2023-08-25T14:30:40+00:00,1000218.0,222988.0,0.074046328266698,3459.04,0.980671,212.0
4125092,ikaruga_nex - gigadelic (m3rkAb4# R3m!x) [fnazawa's !nsAn3] by Shurelia,2234473,1:58,5.11,HD,94.6,13485118.0,Yusuf1212,2018-11-26T12:03:17+00:00,2403850.0,224912.0,0.0746852197567563,3442.79,0.978113,118.0
4125608,Feryquitous - I can avoid it.#owo [Expert] by Natsume Shiki,1157872,2:08,5.21,NM,95.03,13485118.0,Yusuf1212,2018-11-26T12:03:17+00:00,2403850.0,224912.0,0.0746852197567563,3442.79,0.978113,128.0
4125140,yuikonnu - Uchouten Vivace [Vivace!] by Guy,107232,3:29,5.28,NM,97.2,13485118.0,Yusuf1212,2018-11-26T12:03:17+00:00,2403850.0,224912.0,0.0746852197567563,3442.79,0.978113,209.0
4127214,Meramipop - Unknown x known - DYES IWASAKI Remix - [Lunatic] by Lasse,800070,4:04,5.1,NM,94.41,34747279.0,sunshinepolly,2023-11-05T14:51:12+00:00,1670443.0,224961.0,0.0747014909017734,3441.71,0.98345,244.0
4125737,Krewella - Say Goodbye (Nightcore & Cut Ver.) [Broken Promises] by A r M i N,1049899,1:09,8.8,HDNC,90.08,2244627.0,cons,2013-01-05T05:37:31+00:00,3350208.0,225703.0,0.0749478825263177,3434.5,0.988277,69.0
4125961,Middle Kids - R U 4 Me? (Cut Ver.) [i feel so far from the people who are nearest] by Smoke,2282539,1:22,7.18,NM,92.94,36073350.0,gilmardino,2024-06-02T21:30:22+00:00,743026.0,226929.0,0.0753549932159287,3423.77,0.943496,82.0
4123720,toby fox - Last Goodbye [Determination] by Fatfan Kolek,744772,1:51,6.33,NM,93.16,36073350.0,gilmardino,2024-06-02T21:30:22+00:00,743941.0,227043.0,0.0752894696612715,3423.77,0.943496,111.0
4125947,Middle Kids - R U 4 Me? (Cut Ver.) [extreme] by Smoke,2282539,1:22,6.87,HDHR,93.88,36073350.0,gilmardino,2024-06-02T21:30:22+00:00,743026.0,226929.0,0.0753549932159287,3423.77,0.943496,82.0
4127160,Coda - Fighting Gold (TV Size) [Gold Experience] by hypercyte,862547,1:26,5.72,NM,92.99,36073350.0,gilmardino,2024-06-02T21:30:22+00:00,743026.0,226929.0,0.0753549932159287,3423.77,0.943496,86.0
4126778,Aziya - bbydoll (nightcore & cut ver.) [choose me] by riot1133,2374386,0:57,6.46,NM,92.44,31375044.0,SMART1K,2022-09-20T18:45:45+00:00,720456.0,226932.0,0.0753559894084807,3423.75,0.962349,57.0
4125088,S3RL - Bass Slut (Original Mix) [Taeyang's Trashy Extreme] by Fatfan Kolek,983911,2:18,6.0,NM,94.25,13820818.0,Xlebus4k,2019-01-24T12:29:21+00:00,959435.0,228001.0,0.0757109660212003,3415.46,0.966054,138.0
4124730,Aero Chord - Break Them (feat. Anna Yvette) [Broken] by olteR,516608,3:56,6.47,NM,90.93,13820818.0,Xlebus4k,2019-01-24T12:29:21+00:00,959435.0,228001.0,0.0756071509460303,3415.46,0.966054,236.0
4124329,The Living Tombstone - Five Nights at Freddy's [Nightmare] by -Faded-,213629,2:39,5.97,HD,92.97,16817295.0,lakemeadow_,2020-04-22T15:32:48+00:00,422556.0,231538.0,0.0767800514723267,3384.75,0.940139,159.0
4125091,Simple Plan - You Suck At Love (Nightcore & Cut Ver.) [Parad0xa's Extra] by -koreangod1111,2441966,1:17,5.42,NM,97.63,11405454.0,Moobox,2017-12-25T02:09:49+00:00,810143.0,232209.0,0.0771082921075648,3378.69,0.984059,77.0
4124947,renforshort - hate the way you love me (nightcore & cut ver.) [kumocha's extra] by Mimari,2463664,1:04,5.36,NM,92.12,11405454.0,Moobox,2017-12-25T02:09:49+00:00,810143.0,232209.0,0.0771082921075648,3378.69,0.984059,64.0
4125116,Groove Coverage - God is a Girl (Nightcore & Cut Ver.) [Ren's Extra] by Bloxi,2250634,1:17,5.52,NM,91.29,11405454.0,Moobox,2017-12-25T02:09:49+00:00,810143.0,232209.0,0.0771082921075648,3378.69,0.984059,77.0
4124001,Carlito - Alarma Caramba! [I'm taken by bandito] by KorwiN,1423466,3:04,6.33,HD,91.12,20470315.0,Mario208,2021-01-19T16:28:28+00:00,4573957.0,232989.0,0.0772612159234593,3373.18,0.971968,184.0
4124574,Erika - I Don't Know (Nightcore & Cut Ver.) [Do You Know?] by Mita,2479183,0:42,5.55,NM,99.29,35027460.0,timotheo1,2023-12-22T03:47:00+00:00,428032.0,234467.0,0.077751333813724,3360.5,0.956613,42.0
4126640,dlb - HOTBOX [Another] by Mulciber,1922983,1:32,6.32,NM,93.59,37320749.0,var1ma1,2025-01-19T10:54:58+00:00,937352.0,239146.0,0.0794118213521255,3322.01,0.923696,92.0
4126227,T-ara - Apple Is A [So sweet ~] by wajinshu,674229,1:54,5.54,DT,90.72,37320749.0,var1ma1,2025-01-19T10:54:58+00:00,937352.0,239146.0,0.0794118213521255,3322.01,0.923696,114.0
4125983,NyxTheShield - OVERWRITE [Minion's Insane] by Sanzu_Alternate,1265342,2:42,7.11,DT,98.22,24911672.0,noisyskyrim,2021-07-24T16:03:38+00:00,101724.0,240256.0,0.0797804125963899,3312.43,0.981386,162.0
4127296,renforshort - hate the way you love me (nightcore & cut ver.) [kumocha's extra] by Mimari,2463664,1:04,5.36,NM,95.0,37990037.0,AkEnjoyer,2025-06-05T21:58:35+00:00,915238.0,240518.0,0.0798674134126037,3310.48,0.959695,64.0
4126297,ONE OK ROCK - American Girls (Juztan Remix) [Expert] by Tylerderp,2352698,0:44,5.34,NM,95.79,21280371.0,Nikita_Koala,2021-02-21T18:51:59+00:00,430558.0,240772.0,0.0799517577153452,3309.19,0.939154,44.0
4125052,Kano - Cherry Pop (Cut Ver.) [PikA's Extra] by Sotarks,2464474,1:10,6.0,NM,95.42,21280371.0,Nikita_Koala,2021-02-21T18:51:59+00:00,430558.0,240772.0,0.0799517577153452,3309.19,0.939154,70.0
4126364,LeaF - MEPHISTO [Another] by Alumetorz,106212,2:00,5.16,NM,95.01,11956193.0,jaim,2018-03-22T21:31:51+00:00,441290.0,241683.0,0.0802542681869893,3301.81,0.966792,120.0
4126470,Memme - BSPower Explosion [Another] by AngelHoney,44967,2:18,5.47,NM,92.32,11956193.0,jaim,2018-03-22T21:31:51+00:00,441290.0,241683.0,0.0802542681869893,3301.81,0.966792,138.0
4126577,Wotamin - Gigantic O.T.N [SCV's Insane] by Star Stream,80214,2:56,5.2,NM,96.54,11956193.0,jaim,2018-03-22T21:31:51+00:00,441290.0,241683.0,0.0802542681869893,3301.81,0.966792,176.0
4126267,SHK - Flight of the Bumblebee (RST Classic) [-Tynamo's Insane] by Riana,879890,1:15,5.14,NM,91.23,11956193.0,jaim,2018-03-22T21:31:51+00:00,441290.0,241683.0,0.0802542681869893,3301.81,0.966792,75.0
4124562,Kano - Cherry Pop (Cut Ver.) [Kumocha's Expert] by Sotarks,2464474,1:10,5.59,HR,90.42,32538150.0,HZGGWP,2023-01-14T01:16:34+00:00,1214511.0,242620.0,0.0804549408227414,3294.3,0.937707,70.0
4127230,ryu5150 - Louder than steel (Cut Ver.) [Waves Scoured My Heart and Soul] by NatsuRin,2208808,2:45,5.52,SV2,90.36,32282529.0,Shawnfrost_old_3,2022-12-18T13:11:05+00:00,1039135.0,242694.0,0.0805899850770355,3293.01,0.955116,165.0
4124595,toby fox - Last Goodbye [Taeyang's Extra] by Fatfan Kolek,744772,1:51,6.09,NM,93.39,37866183.0,Ero-manga,2025-05-09T04:18:54+00:00,756573.0,244635.0,0.0811231326690765,3278.69,0.974369,111.0
4126140,Horie Yui - Asymmetry [Flourite's Kiss] by Regraz,361902,1:28,5.39,NM,97.17,18057856.0,dunderelkokz,2020-08-11T12:53:38+00:00,549505.0,244720.0,0.0812627471138641,3278.51,0.9717,88.0
4126475,Aziya - bbydoll (nightcore & cut ver.) [love me] by riot1133,2374386,0:57,7.11,NM,91.01,36573729.0,metadonon,2024-08-24T17:45:04+00:00,708872.0,246627.0,0.0818959935127941,3262.65,0.905837,57.0
4124198,"zxcursed, KUTE - SHINIGAMI EYES [My hands are blade of tears, feel the fear] by kLaW_13",2085572,1:24,5.4,NM,93.07,34910465.0,relogical,2023-12-03T18:56:24+00:00,1130469.0,250776.0,0.0831595426583291,3231.04,0.932151,84.0
4125914,Erika - I Don't Know (Nightcore & Cut Ver.) [Ram's Another] by Mita,2479183,0:42,5.04,HR,98.33,17811171.0,Thinh2k8,2020-07-22T03:29:32+00:00,294856.0,251009.0,0.0833510987671785,3228.94,0.973993,42.0
4125229,Pedro Silva - Valour Against All Odds [Tylerderp's Extreme] by Mita,2360937,0:48,6.71,NM,94.29,39318962.0,Kai v3,2026-02-18T05:29:49+00:00,10967.0,251651.0,0.0835642839733206,3223.79,0.926245,48.0
4125243,Set It Off - Parasite (Cut Ver.) [Vermin] by Smoke,2284092,2:05,6.78,NM,94.19,39318962.0,Kai v3,2026-02-18T05:29:49+00:00,10967.0,251651.0,0.0835642839733206,3223.79,0.926245,125.0
4125681,Michael Sembello - Maniac (Nightcore & Cut Ver.) [kowari's Light Expert] by Sotarks,2464479,1:12,5.07,NM,98.14,27505428.0,BeliaChannel,2021-12-01T10:50:53+00:00,373999.0,251943.0,0.083661246715055,3221.46,0.980343,72.0
4126550,QWER - REBOUND (CUT VER.) [Fuxi's EXPERT] by Sotarks,2391474,1:28,5.23,NM,97.88,38324996.0,auranesawa,2025-08-16T09:25:57+00:00,544921.0,252690.0,0.0839092986605195,3215.96,0.988118,88.0
4125689,"temniy princ - tsvety [You smell like flowers [1,5x Rate]] by winterlxv",2390186,0:44,5.6,NM,95.74,28323504.0,_HappyNappy_,2022-01-18T16:33:37+00:00,655869.0,255215.0,0.084747760725175,3196.49,0.93579,44.0
4125725,Nanahoshi Kangengakudan feat.Matsushita - Dance Number o Tomo ni [Dance Number] by pkk,353398,4:20,5.79,NM,91.99,28323504.0,_HappyNappy_,2022-01-18T16:33:37+00:00,655869.0,255215.0,0.084747760725175,3196.49,0.93579,260.0
4125442,Erika - I Don't Know (Nightcore & Cut Ver.) [craxtz's Expert] by Mita,2479183,0:42,5.25,NM,96.59,33196576.0,ioq,2023-03-23T16:37:20+00:00,604716.0,255221.0,0.0847497531102791,3196.44,0.981095,42.0
4125322,Subplaid - If you went out with friends in a way [Extra] by grumd,40327,0:46,5.13,NM,95.55,33556377.0,barotiakiraj,2023-04-30T14:36:52+00:00,904955.0,256647.0,0.0852232766366945,3186.36,0.951882,46.0
4127132,Kaga Sumire - GameGame * Over [KPMY's Extra] by Tenma Saki,2273152,1:14,5.4,NM,95.63,26942053.0,-[ Shinraa ]-,2021-11-01T14:21:59+00:00,2690309.0,258336.0,0.0857841330435077,3173.82,0.976609,74.0
4125165,Wakana - Flag [Honor] by Shurelia,1822388,4:31,5.4,NM,91.2,28246691.0,m4rcus_320,2022-01-14T03:46:34+00:00,1059171.0,261254.0,0.0867530963324839,3152.95,0.989753,271.0
4124791,Nashimoto Ui - AaAaAaAAaAaAAa [aAaAaaAaAaaA] by Sotarks,1017271,1:45,6.18,NM,91.05,16805891.0,Nick0,2020-04-21T14:57:12+00:00,650386.0,261494.0,0.0867137263848897,3151.81,0.921485,105.0
4126838,FELT - In my room [Tranquility] by Aka,206284,0:36,5.88,DT,98.64,29321416.0,Kotel345,2022-03-24T17:36:31+00:00,380595.0,263273.0,0.0874235339200243,3137.99,0.918675,36.0
4123927,HO-KAGO TEA TIME - Kira Kira Days (Cut Ver.) [Shiawase!] by Sotarks,1384619,1:30,5.96,NM,93.28,13782218.0,MoDy_,2019-01-18T00:15:20+00:00,1249125.0,263854.0,0.0874963232868008,3134.05,0.954026,90.0
4124032,Tenshi (CV: Matsumoto Tamaki) - Tenshi-teki Kenpou Yon-jou (TV Size) [Insane] by Agent_James,786761,1:14,5.76,NC,96.09,37838833.0,maligoal_,2025-05-02T18:41:18+00:00,392525.0,264955.0,0.0878614246380738,3125.16,0.903257,74.0
4123957,Erika - I Don't Know (Nightcore & Cut Ver.) [Mekadon's Expert] by Mita,2479183,0:42,5.41,HR,96.24,34654739.0,Lawwwwwww,2023-10-20T18:35:27+00:00,381464.0,266492.0,0.0883711074508862,3114.14,0.943503,42.0
4123978,Erika - I Don't Know (Nightcore & Cut Ver.) [Parad0xa's Expert] by Mita,2479183,0:42,5.48,HR,96.74,34654739.0,Lawwwwwww,2023-10-20T18:35:27+00:00,381464.0,266492.0,0.0883711074508862,3114.14,0.943503,42.0
4126113,Jeff Williams feat. Casey Lee Williams - Time to Say Goodbye (TV Size) [Tylerderp's Extra] by My Angel Ram,2285243,0:51,6.27,NM,92.22,20048599.0,sbosses1,2020-12-26T19:57:12+00:00,577929.0,269239.0,0.0894046288418995,3093.92,0.935469,51.0
4124301,Faylan - Path to glory (Game Ver.) [Scarlet Vision] by tomatas95,2233944,1:44,5.75,NM,91.29,33030889.0,thirtyeight,2023-03-07T22:46:57+00:00,450974.0,269801.0,0.0894684011578454,3090.1,0.922713,104.0
4124664,flowerovlove - erase u (sped up & cut ver.) [PikA's Extra] by riot1133,2294787,1:23,6.95,HR,92.63,36949895.0,smqy,2024-11-05T05:33:42+00:00,659340.0,270405.0,0.0896686929073176,3085.57,0.8963110000000001,83.0
4124659,flowerovlove - erase u (sped up & cut ver.) [PikA's Extra] by riot1133,2294787,1:23,6.95,HR,90.66,36949895.0,smqy,2024-11-05T05:33:42+00:00,659340.0,270405.0,0.0896686929073176,3085.57,0.8963110000000001,83.0
4123841,ViViD - HIKARI (TV Size) [browiec's Wisdom] by Log Off Now,1053509,1:29,6.11,NM,96.77,34345914.0,nashioi,2023-08-28T02:22:34+00:00,792236.0,273142.0,0.0905763063482204,3066.57,0.920114,89.0
4123894,3 Nen E Gumi Utatan (Nagisa & Kayano & Karuma & Isogai & Maehara) - Bye Bye YESTERDAY [Taeyang's Good Good Time] by Gero,480765,1:32,5.43,NM,95.49,24410383.0,Brighrt,2021-07-02T11:35:16+00:00,416046.0,274037.0,0.0908730962750045,3060.63,0.926061,92.0
4124019,Marina and the Diamonds - Bubblegum Bitch (Nightcore & Cut Ver.) [PikA's Extra] by Parad0xa,2282704,0:55,5.31,NM,97.4,24410383.0,Brighrt,2021-07-02T11:35:16+00:00,416046.0,274037.0,0.0908730962750045,3060.63,0.926061,55.0
4124961,Aziya - bbydoll (nightcore & cut ver.) [extra] by riot1133,2374386,0:57,5.7,NM,94.47,11995545.0,nokoridevil,2018-03-29T17:33:28+00:00,592955.0,274060.0,0.0910055102730696,3060.36,0.969853,57.0
4124187,Michael Sembello - Maniac (Nightcore & Cut Ver.) [Kuki's Expert] by Sotarks,2464479,1:12,5.52,HDHR,94.65,36610159.0,Benjy12,2024-08-30T22:57:13+00:00,988187.0,275257.0,0.0912776590802297,3052.07,0.950655,72.0
4124777,Aiobahn - Angel Falling [Sana's Mental Break Down Another] by Wanpachi,2293960,1:29,5.12,NM,94.82,7446307.0,Iomu,2015-11-21T11:18:37+00:00,612145.0,275698.0,0.091423898586053,3049.18,0.972462,89.0
4126656,dve tysyachi yardov - Vernite v modu lyubov (Hardstyle by Folder) [Ez] by _kiria,2219413,1:50,5.36,NM,98.09,38004656.0,insj,2025-06-08T22:11:04+00:00,430883.0,277600.0,0.0921810174845075,3036.75,0.934465,110.0
4127369,Turbo - PADORU / PADORU [Dorsalplum's Extra] by DeRandom Otaku,1061287,0:32,5.42,NM,98.01,38064389.0,Karp1,2025-06-22T00:28:35+00:00,484400.0,277822.0,0.0922547357333604,3034.92,0.951176,32.0
4124391,sabi - true DJ MAG top ranker's song Zenpen (katagiri Remix) [Scub x Nathan's Insane] by Nathan,1357624,4:44,5.33,HD,90.36,33336925.0,quudoxx,2023-04-04T03:42:10+00:00,806921.0,277978.0,0.0921799667794247,3033.97,0.974732,284.0
4125233,"semmmyq, shinra - untitled (Cut ver.) [Extra] by HoSoChEk",1629700,1:27,5.07,NM,98.59,33922658.0,adurtis,2023-06-22T19:32:00+00:00,1403440.0,278756.0,0.0925648836812369,3029.18,0.978123,87.0
4127086,Roses Epicurean - Yoru no Kodomo-tachi [Mortem's Nocturnal] by Gordon123,439731,0:52,5.77,DT,96.2,28150965.0,ToD1eForLeT0,2022-01-08T10:46:11+00:00,816626.0,280552.0,0.0931612709557404,3016.92,0.934146,52.0
4127340,Turbo - PADORU / PADORU [iljaaz's Expert] by DeRandom Otaku,1061287,0:32,5.3,NM,96.14,28150965.0,ToD1eForLeT0,2022-01-08T10:46:11+00:00,816626.0,280552.0,0.0931612709557404,3016.92,0.934146,32.0
4126576,ATL - Magic people [Maruoko's Extra] by Ksardas,1117079,3:31,5.86,NM,93.2,35642856.0,Arunis,2024-03-26T19:06:04+00:00,889671.0,281817.0,0.0935813321485283,3008.97,0.96994,211.0
4126362,Official HIGE DANdism - Same Blue [killian & Kyouren's Extra] by Kyouren,2258440,3:46,5.81,NM,91.48,24376018.0,Shoyooxd,2021-06-30T18:08:26+00:00,568613.0,282881.0,0.0939346484403277,3001.3,0.933106,226.0
4124141,t+pazolite - cheatreal [Oracle's Insane] by caren_sk,88180,4:13,5.21,NM,94.72,34784975.0,Arkinght,2023-11-12T11:25:39+00:00,1139567.0,283377.0,0.0939703229969747,2998.69,0.977069,253.0
4126310,S3RL - Bass Slut (Original Mix) [Reform's Filthy Expert] by Fatfan Kolek,983911,2:18,5.06,NM,97.05,26504540.0,ISamu034,2021-10-13T17:59:10+00:00,793458.0,283501.0,0.0941405282344213,2997.76,0.974299,138.0
4126365,Kyary Pamyu Pamyu - Furisodation [Elcheer's Another] by Bazz B,1049418,3:57,5.09,NM,95.47,26504540.0,ISamu034,2021-10-13T17:59:10+00:00,793458.0,283501.0,0.0941405282344213,2997.76,0.974299,237.0
4126589,Spira Spica - Ao to Kirameki (TV Size) [Askel's Extra] by AsuKow,2398699,1:24,5.14,NM,97.86,26504540.0,ISamu034,2021-10-13T17:59:10+00:00,793458.0,283501.0,0.0941405282344213,2997.76,0.974299,84.0
4126254,HO-KAGO TEA TIME - Kira Kira Days [Shiawase!!] by Kagetsu,444335,1:30,5.77,NM,95.58,30315758.0,Eureka69,2022-06-14T08:49:09+00:00,445824.0,285887.0,0.0949328333774978,2980.45,0.954543,90.0
4127298,Kurahashi Yoeko - Tomodachi no Uta [Extra] by - Ayumi,2254725,4:32,6.01,NM,92.79,37050981.0,lovedban,2024-11-27T03:53:48+00:00,1046028.0,286771.0,0.0952263781161733,2974.4,0.957511,272.0
4124061,Hayley Williams - Airplanes (Feint Drum and Bass Remix) [Insane] by Rosiie,1189295,1:27,5.12,HDDT,93.42,34313883.0,deathmooon,2023-08-22T20:31:08+00:00,881956.0,287215.0,0.0952430377891504,2972.31,0.948006,87.0
4124528,NOMELON NOLEMON - SAYONARA MAYBE [Meg's Extra] by Liyuu_0109,2355037,3:40,5.26,NM,92.23,30523994.0,Salt1e,2022-06-30T09:21:11+00:00,662061.0,290295.0,0.0962643930679158,2950.99,0.96664,220.0
4125673,Cass2 - Gravity Falls Theme Song- 16 Bit Mix [Alphabet's Insane] by Venix,664315,0:42,5.91,HDDT,93.23,27630239.0,ocadsdsd,2021-12-08T18:32:48+00:00,851264.0,293040.0,0.0973080884858072,2933.06,0.945101,42.0
4126801,toby fox - Last Goodbye [Determination] by Fatfan Kolek,744772,1:51,6.33,NM,92.04,30402676.0,gwore,2022-06-21T02:01:18+00:00,440401.0,294690.0,0.0978559943894435,2923.26,0.966433,111.0
4126845,Erika - I Don't Know (Nightcore & Cut Ver.) [PikA's Extra] by Mita,2479183,0:42,5.4,NM,99.07,30402676.0,talakkuma,2022-06-21T02:01:18+00:00,440401.0,294690.0,0.0978559943894435,2923.26,0.966433,42.0
4127090,"Aiurabu (CV: Nakajima Yui, Iida Yuuko, Tamura Nao) - Kani*Do-Luck! (TV Size) [PikA's Steamed Crab] by KeyWee",2310271,0:58,6.3,NM,92.32,32905706.0,Qwezmeow,2023-02-22T17:16:32+00:00,703423.0,298260.0,0.099041463526402,2900.41,0.8980589999999999,58.0
4125929,Various Artists - GIRLS' LEGEND U [Insane] by Yuuma,1486797,4:44,5.02,NM,97.68,36979748.0,Cant play NM,2024-11-11T16:08:53+00:00,1309326.0,299212.0,0.099357588629591,2894.21,0.971126,284.0
4124915,toby fox - Finale [Another] by Fatfan Kolek,667713,1:47,5.57,NM,95.12,12097792.0,Foolish Dodo,2018-04-15T18:47:48+00:00,718772.0,302340.0,0.1003962853972118,2873.84,0.94504,107.0
4127146,REDALiCE - Pekorap Tropical House Remix [Extra] by Yuuma,1224414,2:07,5.64,NM,93.75,15192009.0,YouAreLoser,2019-09-15T16:20:42+00:00,584814.0,13882.0,0.0376734820154037,2851.3,0.992578,127.0
4127185,ILLIT - Sunday Morning [koi] by Slyztem,2492939,2:48,5.12,NM,90.17,15192009.0,YouAreLoser,2019-09-15T16:20:42+00:00,584814.0,13882.0,0.0376734820154037,2851.3,0.992578,168.0
4124210,Aziya - bbydoll (nightcore & cut ver.) [choose me] by riot1133,2374386,0:57,6.46,NM,92.14,30383287.0,RhapsodUwU,2022-06-19T14:54:47+00:00,1252032.0,306583.0,0.1016656381265293,2847.52,0.939088,57.0
4125185,RD-Sounds feat. Meramipop - On Seeking U [osu] by Heilia,2409840,2:53,7.12,HD,92.09,11930496.0,marclor,2018-03-18T02:29:13+00:00,174110.0,5803.0,0.019829621757568,2808.25,0.998077,173.0
4126146,Lite Show Magic (t+pazolite vs C-Show) - Crack Traxxxx [Pantsu's Another] by Fatfan Kolek,139525,1:54,5.67,HD,92.14,14459644.0,NuRi_00,2019-05-12T17:55:53+00:00,1550746.0,318395.0,0.105727575871685,2774.45,0.951565,114.0
4124246,"nano - No pain, No game (TV Size) [Reform's Extreme] by browiec",1184314,1:29,5.95,NM,91.1,19642530.0,xevyy,2020-12-02T12:43:55+00:00,369976.0,319070.0,0.1058064379206665,2771.35,0.954964,89.0
4125547,NCT - Afterlife (Cut Ver.) [Ocean Sky] by Log Off Now,2087537,2:13,5.5,NM,93.24,19551952.0,limuletempestt,2020-11-26T20:41:37+00:00,2455886.0,319653.0,0.1061453126151847,2766.91,0.91515,133.0
4127299,Jessica Baio - bad times (sped up & cut ver.) [yuuma's insane] by Maiev,2446228,1:06,6.03,HDNC,93.33,27984179.0,Kanhaku,2021-12-29T16:27:56+00:00,973243.0,321451.0,0.1067423640180563,2756.38,0.909572,66.0
4124856,"LiSA - ROCK-mode [I'm fine, thank you!] by browiec",1124391,1:40,5.3,NM,95.25,37624263.0,ricksterine,2025-03-17T11:20:31+00:00,284904.0,324646.0,0.1076554889058599,2737.57,0.928344,100.0
4123903,Station Earth - Cold Green Eyes feat. Roos Denayer [Mystical] by Sotarks,1101976,4:02,5.28,NM,94.69,35116297.0,freddymorris,2024-01-03T18:06:28+00:00,1127374.0,333328.0,0.1105345170000938,2689.09,0.986911,242.0
4124037,ItaloBrothers - Dancing in the Streets (Nightcore Mix) [Appe's Dance!] by -Cronik,1888909,1:52,5.34,NM,98.09,35116297.0,freddymorris,2024-01-03T18:06:28+00:00,1127374.0,333328.0,0.1105345170000938,2689.09,0.986911,112.0
4126287,"Bridgit Mendler, Adam Hicks, Naomi Scott and Hayley Kiyoko - Determinate (Nightcore & Cut Ver.) [Kumocha's Expert] by My Angel Ram",2425417,1:14,5.31,NM,92.96,37219460.0,ImYuiDesu,2025-01-01T07:23:26+00:00,346937.0,333316.0,0.1106823055614773,2688.39,0.932695,74.0
4125984,"Bridgit Mendler, Adam Hicks, Naomi Scott and Hayley Kiyoko - Determinate (Nightcore & Cut Ver.) [Kumocha's Expert] by My Angel Ram",2425417,1:14,5.31,NM,92.41,37219460.0,ImYuiDesu,2025-01-01T07:23:26+00:00,346937.0,333316.0,0.1106823055614773,2688.39,0.932695,74.0
4126612,Ian LeFeuvre - Johnny Test Theme (TV Size) [Reform's Talking Dog] by Nymphe,2295424,0:53,5.77,NM,92.82,39031930.0,R0x,2026-01-06T17:12:42+00:00,481408.0,333670.0,0.1107998562826211,2686.77,0.945435,53.0
4126639,Ian LeFeuvre - Johnny Test Theme (TV Size) [Kuki's Lab Rat] by Nymphe,2295424,0:53,5.57,NM,95.43,39031930.0,R0x,2026-01-06T17:12:42+00:00,481328.0,333676.0,0.1108018486677252,2686.76,0.945433,53.0
4125856,ZAQ - Seven Doors [wkyik's Insane] by eINess,232290,1:30,5.19,NM,95.99,36079928.0,vegeta12,2024-06-04T01:39:25+00:00,404006.0,334873.0,0.1111993294959996,2679.29,0.955011,90.0
4126138,MIMI feat. Hatsune Miku - Ai no Sukima [Extra] by Log Off Now,952409,1:07,5.11,NM,98.61,23801700.0,ZR_zero,2021-06-01T06:39:30+00:00,949691.0,335772.0,0.1114978551974354,2674.61,0.94406,67.0
4125647,I SEE MONSTAS - Holdin On (Skrillex and Nero Remix) [Expert] by Sotarks,701330,2:08,5.0,NM,90.91,21832361.0,Montevedeo,2021-03-15T17:05:09+00:00,1815494.0,341513.0,0.1134042356779057,2642.63,0.8913530000000001,128.0
4124678,liza chernova - daite vbipilitsya mne [i'm your friend =)] by 1kuma2,1730464,2:31,5.71,NM,94.99,34740015.0,Irik_lal1,2023-11-04T11:13:49+00:00,322201.0,346125.0,0.114778115539821,2617.02,0.91974,151.0
4124536,ViViD - HIKARI (TV Size) [Extreme] by Log Off Now,1053509,1:29,5.71,NM,94.61,34606230.0,blossomisapro,2023-10-12T09:59:52+00:00,486393.0,361724.0,0.1199508820961393,2536.4,0.927089,89.0
4124308,Apollo - Brazil [Fiery's Extreme] by moonpoint,2104327,0:38,7.1,NM,90.29,37234459.0,ImtMelow,2025-01-04T06:36:30+00:00,320466.0,368274.0,0.1221229201077994,2502.44,0.8700490000000001,38.0
4124126,Demi Lovato - Heart Attack (Rock Ver.) (Nightcore & Cut Ver.) [Broken Love] by Smoke,2428693,1:57,6.73,NM,91.13,37234459.0,ImtMelow,2025-01-04T06:36:30+00:00,320466.0,368274.0,0.1221229201077994,2502.44,0.8700490000000001,117.0
4123905,MIMI feat. Hatsune Miku - Marshmary [Horizon] by Log Off Now,962088,1:23,5.27,NM,94.39,39092425.0,Daemon3110,2026-01-16T21:47:54+00:00,292523.0,370053.0,0.1227128522639434,2494.28,0.939786,83.0
4126829,King Gnu - AIZO (TV Size) [KYOUREN'S EX] by Flins,2490388,1:27,5.54,NM,91.94,31001328.0,fabipee12,2022-08-12T02:06:33+00:00,574576.0,375671.0,0.1247468840757292,2465.84,0.93426,87.0
4125899,Erika - I Don't Know (Nightcore & Cut Ver.) [craxtz's Expert] by Mita,2479183,0:42,5.53,HDHR,90.02,37069260.0,asashizin,2024-11-30T22:18:24+00:00,1063807.0,377166.0,0.1252433200308421,2457.62,0.939422,42.0
4124882,DJ Okawari - Flower Dance (Short Ver.) [Dance AR9.5] by -Hanayuki-,252981,3:19,6.08,HD,90.55,36137559.0,PseaLy,2024-06-13T09:21:35+00:00,973721.0,381160.0,0.1263960318357767,2438.48,0.931462,199.0
4127377,Nogizaka46 - Yubi Bouenkyou ~Anime-ban~ [~A r M i N's Adventure~] by Nevo,623924,1:26,5.58,NM,93.83,38318788.0,Canewq,2025-08-15T01:39:34+00:00,318792.0,381683.0,0.1267432539500695,2435.51,0.874053,86.0
4124808,KYARY PAMYU PAMYU - Ninjya Re Bang Bang [Insane] by Peachtrees,316573,2:17,5.24,HDDT,91.62,38607123.0,hafan0,2025-10-18T03:30:34+00:00,275056.0,382744.0,0.1269213002648559,2430.76,0.947558,137.0
4126024,Unknown Artist - Miniministop Hitoyasumi no Uta[Mokuyoubi]Gakusei no Uta [Chromstrata's Extra] by Chromoxx,705423,0:33,5.14,DT,96.49,38480118.0,x3none,2025-09-18T16:23:04+00:00,395481.0,392553.0,0.1303527916303886,2383.0,0.952069,33.0
4124172,Tomoya Ohtani - Unstoppable [Kuki's Extra] by -AzuMi,2288607,0:31,6.05,NM,92.18,34737975.0,breasts,2023-11-04T01:14:34+00:00,574749.0,393886.0,0.1306160861466752,2376.3,0.930499,31.0
4125631,HO-KAGO TEA TIME - Kira Kira Days [Shiawase!!] by Kagetsu,444335,1:30,5.77,NM,94.92,38759529.0,MitsuraAAAK,2025-11-20T04:03:23+00:00,370921.0,410226.0,0.1362213619546095,2300.54,0.893219,90.0
4124674,Vickeblanka - Black Rover (TV Size) [Extra] by Sotarks,781509,1:26,6.05,NM,91.25,24178877.0,Kingpearl,2021-06-20T16:23:52+00:00,526570.0,416282.0,0.1380427981022688,2273.98,0.907626,86.0
4125684,renforshort - hate the way you love me (nightcore & cut ver.) [all your lies] by Mimari,2463664,1:04,5.79,NM,93.39,36783124.0,opapopal,2024-10-02T15:09:41+00:00,300015.0,419050.0,0.1391514963144196,2260.69,0.926203,64.0
4126515,EDOGA-SULLIVAN - WONDERFUL WONDER (TV Size) [Insane] by Kuki1537,1280506,0:57,6.17,HDDT,91.04,36783124.0,opapopal,2024-10-02T15:09:41+00:00,300015.0,419050.0,0.1391514963144196,2260.69,0.926203,57.0
4125539,flowerovlove - erase u (sped up & cut ver.) [Reform's Extra] by riot1133,2294787,1:23,6.13,NM,91.81,36783124.0,opapopal,2024-10-02T15:09:41+00:00,300015.0,419050.0,0.1391514963144196,2260.69,0.926203,83.0
4126028,Oku Hanako - Kimi no Hana (TV size) [Walao's Flower] by Del05,557856,1:28,5.73,HDDT,91.38,36783124.0,opapopal,2024-10-02T15:09:41+00:00,300015.0,419050.0,0.1391514963144196,2260.69,0.926203,88.0
4126715,EDOGA-SULLIVAN - WONDERFUL WONDER (TV Size) [Insane] by Kuki1537,1280506,0:57,6.17,HDDT,91.76,36783124.0,opapopal,2024-10-02T15:09:41+00:00,300015.0,419050.0,0.1391514963144196,2260.69,0.926203,57.0
4126750,Erika - I Don't Know (Nightcore & Cut Ver.) [Do You Know?] by Mita,2479183,0:42,5.55,NM,93.33,36783124.0,opapopal,2024-10-02T15:09:41+00:00,300015.0,419050.0,0.1391514963144196,2260.69,0.926203,42.0
4126888,Oku Hanako - Kimi no Hana (TV size) [Walao's Flower] by Del05,557856,1:28,5.73,HDDT,91.67,36783124.0,opapopal,2024-10-02T15:09:41+00:00,300015.0,419050.0,0.1391514963144196,2260.69,0.926203,88.0
4124920,onoken - unisonote [Insane] by Ermi,1276405,1:57,5.0,NM,97.04,12323827.0,Qamage,2018-05-23T22:40:11+00:00,818284.0,421819.0,0.1400709820399765,2248.39,0.967705,117.0
4124931,Hitomi Harada - Overdrive [Insane] by Kyuukai,710486,1:46,5.08,NM,92.11,12323827.0,Qamage,2018-05-23T22:40:11+00:00,818284.0,421819.0,0.1400709820399765,2248.39,0.967705,106.0
4125250,Look Vibrant - Bull & Eagle [neko ds' Insane] by Parad0xa,2156192,2:19,5.01,HD,93.12,34522793.0,torento2313,2023-09-27T21:24:28+00:00,693315.0,427557.0,0.1419763663278948,2224.06,0.962979,139.0
4127343,"ShinRa-Bansho - Mugen Shitto Gekijou ""666"" [Beginning Act ""Lunatic""] by _koishi1",2285768,4:32,5.08,NM,95.91,34859030.0,Kefffirka,2023-11-25T12:46:48+00:00,2032195.0,430225.0,0.1428623135708654,2212.03,0.977345,272.0
4124309,MIMI feat. Hatsune Miku - Mizuoto to Curtain [Extra] by Log Off Now,968171,0:54,5.2,NM,90.06,38416794.0,jaysmitty,2025-09-04T19:02:51+00:00,753560.0,431018.0,0.1429293862152187,2208.82,0.909696,54.0
4126739,S3RL - Bass Slut (Original Mix) [Reform's Filthy Expert] by Fatfan Kolek,983911,2:18,5.06,NM,92.04,35864623.0,MaM4fia,2024-05-02T18:43:36+00:00,466156.0,433731.0,0.1440265306000466,2196.33,0.8977419999999999,138.0
4126590,Erika - I Don't Know (Nightcore & Cut Ver.) [Kumocha's Extra] by Mita,2479183,0:42,5.34,NM,93.18,35864623.0,MaM4fia,2024-05-02T18:43:36+00:00,466156.0,433731.0,0.1440265306000466,2196.33,0.8977419999999999,42.0
4126969,Unknown Artist - Miniministop Hitoyasumi no Uta[Mokuyoubi]Gakusei no Uta [Chromstrata's Extra] by Chromoxx,705423,0:33,5.14,DT,92.63,35864623.0,MaM4fia,2024-05-02T18:43:36+00:00,466156.0,433731.0,0.1440265306000466,2196.33,0.8977419999999999,33.0
4126212,kessoku band - Love Song ga Utaenai [Spotlight] by Amateurre,1921553,3:04,6.05,NM,97.63,3465237.0,Hashim,2013-10-21T01:09:21+00:00,403042.0,454489.0,0.1509195189319753,2109.08,0.918611,184.0
4126559,Erika - I Don't Know (Nightcore & Cut Ver.) [Parad0xa's Expert] by Mita,2479183,0:42,5.17,NM,95.24,37954313.0,MoonlightJR,2025-05-29T08:32:59+00:00,510035.0,459408.0,0.1525529426531795,2090.25,0.854293,42.0
4126012,Jessica Baio - bad times (sped up & cut ver.) [kumocha's expert] by Maiev,2446228,1:06,5.02,NM,97.89,30644516.0,MaKaTaY,2022-07-10T14:28:01+00:00,262203.0,459763.0,0.1526708254385073,2088.21,0.913428,66.0
4125993,Jessica Baio - bad times (sped up & cut ver.) [kumocha's expert] by Maiev,2446228,1:06,5.02,NM,98.07,30644516.0,MaKaTaY,2022-07-10T14:28:01+00:00,262203.0,459763.0,0.1526708254385073,2088.21,0.913428,66.0
4124295,Groove Coverage - Poison (Nightcore & Cut Ver.) [Ren's Expert] by My Angel Ram,2281428,1:00,5.1,NM,92.2,36953214.0,megnjk25303,2024-11-06T00:00:51+00:00,656571.0,464348.0,0.1539819094104293,2070.23,0.920277,60.0
4123933,Victorious Cast - Take a Hint feat. Victoria Justice & Elizabeth Gillies (Speed Up Ver.) [I Think You Could Use a Mint] by SquareTude,984684,0:53,5.15,NM,91.59,36953214.0,megnjk25303,2024-11-06T00:00:51+00:00,656571.0,464348.0,0.1539819094104293,2070.23,0.920277,53.0
4126918,Jessica Baio - bad times (sped up & cut ver.) [kumocha's expert] by Maiev,2446228,1:06,5.02,NM,90.18,37458442.0,alexmw2539,2025-02-12T04:38:30+00:00,687758.0,466821.0,0.1550145344493346,2060.27,0.926691,66.0
4125361,Komiya Mao - (can you) understand me? [heh?] by Sotarks,765169,1:26,5.19,NM,97.5,38045269.0,MatiSpawacz,2025-06-17T20:39:49+00:00,256040.0,470645.0,0.1562843478890347,2045.48,0.939677,86.0
4126041,bradbreeck - Step Off Playa [ezek's Step Off Fool!] by Chalwa,558938,0:44,5.4,DT,95.57,39170176.0,Swsds231,2026-01-29T20:54:17+00:00,59978.0,471567.0,0.156590511066703,2041.78,0.945178,44.0
4124211,Drop - Granat [Extra] by Left,497769,0:43,5.1,NM,94.27,39104746.0,Lightiey,2026-01-18T16:20:50+00:00,171764.0,481272.0,0.1595940577019307,2005.23,0.960086,43.0
4124293,Aimer - closer (Cut Ver.) [action] by Mizujin,1916040,1:29,5.19,SD,90.52,23884006.0,IceDaBoi,2021-06-05T02:26:20+00:00,491501.0,485153.0,0.1608810316749463,1989.79,0.8710089999999999,89.0
4125176,Erika - I Don't Know (Nightcore & Cut Ver.) [craxtz's Expert] by Mita,2479183,0:42,5.25,NM,90.75,17024449.0,Mysticszn,2020-05-11T21:04:37+00:00,377882.0,506261.0,0.1681111458671623,1911.49,0.88877,42.0
4126242,YOASOBI - Gunjou [Hard] by Battle,1318120,4:05,5.26,DT,96.15,38550619.0,20univers08,2025-10-04T22:02:04+00:00,631869.0,526603.0,0.1748659954985379,1839.69,0.973867,245.0
4126955,Dave Rodgers - Deja Vu [Street Stage] by Faust,469679,3:43,5.31,DT,95.83,38550619.0,20univers08,2025-10-04T22:02:04+00:00,630589.0,531466.0,0.1764808236254369,1822.23,0.973528,223.0
4127125,Hanon x Kotoha - Fuwari [Hard] by DH02,2026271,2:03,5.22,DT,97.74,38550619.0,20univers08,2025-10-04T22:02:04+00:00,630589.0,531466.0,0.1764808236254369,1822.23,0.973528,123.0
4127278,Porcelain Black - Pretty Little Psycho (Nightcore & Cut Ver.) [Kumocha's Expert] by Mita,2390209,0:53,5.27,NM,90.51,33075831.0,Klas,2023-03-12T01:41:32+00:00,452043.0,548623.0,0.1821780488307023,1763.92,0.947682,53.0
4125860,Marina and the Diamonds - Bubblegum Bitch (Nightcore & Cut Ver.) [Barbie Girl] by Parad0xa,2282704,0:55,8.41,DT,90.76,37728139.0,gashish,2025-04-08T16:18:39+00:00,201780.0,586942.0,0.1949024162982414,1643.22,0.856785,55.0
4127279,"madk1d - sdvg [ADHD and panic [1,5x Rate]] by winterlxv",2358360,1:18,5.68,NM,91.43,37507978.0,BlazerOff,2025-02-21T10:32:35+00:00,393240.0,595326.0,0.1976864424170819,1618.54,0.8983979999999999,78.0
4127432,dabbackwood - Code Geass [won't say mercy] by shertown,2293608,2:02,5.62,NM,96.2,37507978.0,BlazerOff,2025-02-21T10:32:35+00:00,393240.0,595326.0,0.1976864424170819,1618.54,0.8983979999999999,122.0
4127405,"Vyshel Pokurit' - Vopros [1-2 vopros? [1,28x Rate]] by -database-",1362280,1:34,5.79,NM,91.59,37507978.0,BlazerOff,2025-02-21T10:32:35+00:00,393240.0,595326.0,0.1976864424170819,1618.54,0.8983979999999999,94.0
4124474,Mitsukiyo - Unwelcome School (EUROBEAT RMX) [???] by newsinger,1736412,2:18,7.56,HD,94.62,17284796.0,Katrx,2020-06-04T18:50:47+00:00,457072.0,617325.0,0.2047104374882486,1554.68,0.885602,138.0
4124493,Zektbach - meme [Meme] by Nyxa,967846,1:48,7.16,HD,96.28,17284796.0,Katrx,2020-06-04T18:50:47+00:00,457072.0,617325.0,0.2047104374882486,1554.68,0.885602,108.0
4126491,nervy - Ya ne hochu bez tebya spat' [I do not want without your hugs] by embernxke,1618125,2:25,5.21,NM,95.09,37669522.0,hay3ezz,2025-03-27T13:47:37+00:00,169954.0,652528.0,0.2166811778715084,1458.17,0.8355410000000001,145.0
4124045,Vitor Fernandes - Saudade e Solidao [Esquecer] by Yulla,2436002,1:28,5.08,NM,90.17,36211629.0,NekoBiiru,2024-06-25T10:35:55+00:00,291118.0,913273.0,0.3028494154233269,920.469,0.884417,88.0
4125960,JAWNY - Honeypie (Cut Ver.) [>w<] by luxeray,2394855,0:49,7.68,HR,94.05,35737345.0,i love osu,2024-04-11T06:12:58+00:00,13458.0,1657846.0,0.5505112792241387,232.437,0.820181,49.0
4125925,Porcelain Black - Pretty Little Psycho (Nightcore & Cut Ver.) [Xam's Extreme] by dawiqq,2450895,0:36,7.3,NM,97.75,35737345.0,i love osu,2024-04-11T06:12:58+00:00,13458.0,1657846.0,0.5505112792241387,232.437,0.820181,36.0
4126443,"$44,000 - PISSCORD [Mel's GAMER GIRL PISS(CORD)] by Silverboxer",539007,1:39,7.14,NM,92.92,19650017.0,Sweet,2020-12-02T21:46:56+00:00,2594.0,97133.0,0.2636031068003321,131.311,0.893494,99.0
4126697,The Living Tombstone - Five Nights At Freddy's (Sped Up and Cut Ver.) [EXTRA] by hearts,2490221,1:09,9.46,HDDT,97.18,36824525.0,michael jackson,2024-10-10T23:52:38+00:00,11250.0,1952906.0,0.6484901373616704,117.279,0.922797,69.0
4126646,The Living Tombstone - Five Nights At Freddy's (Sped Up and Cut Ver.) [EXTRA] by hearts,2490221,1:09,9.46,HDDT,94.68,36824525.0,michael jackson,2024-10-10T23:52:38+00:00,11250.0,1952906.0,0.6484901373616704,117.279,0.922797,69.0
4127102,"mafumafu - Haikei, Sakura Maichiru Kono Hi ni [Fond Memories] by Stack",971666,3:50,8.47,DT,98.05,38175360.0,kitasan black,2025-07-16T17:15:16+00:00,1317.0,2482073.0,0.8242075454280406,24.6809,0.760243,230.0
